Empresa,Adquirente,Venda,Pagamento,Previsão Pagto,Data de cancelamento,Produto,Autorização,NSU,TID,RO,Valor Bruto,Taxa,Valor Líquido,Outras Despesas,Valor Taxa,Valor Pago,Valor Acelerado,Parcela,Estabelecimento,Divergências,Modalidade,Taxa de Antecipação,Taxa Antecipação Mensal,Valor Taxa Antecipação,Valor a Receber
EMPRESA MODELO,Ticket,01-09-2023,06-10-2023,2023-10-05T21:00:00-03:00,,Ticket Flex,738983,738983,,198708860,44.26,6.01,41.6,,2.66,41.6,0,00 / 00,000000080683215,,Benefício,,,,
EMPRESA MODELO,Ticket,01-09-2023,06-10-2023,2023-10-05T21:00:00-03:00,,Ticket Flex,671734,671734,,198708860,125.64,6,118.1,,7.54,118.1,0,00 / 00,000000080683215,,Benefício,,,,
EMPRESA MODELO,Ticket,01-09-2023,09-10-2023,2023-10-08T21:00:00-03:00,,TICKET REFEICAO,497698,497698,,198834687,150,6,141,,9,141,0,00 / 00,000000080683312,,Benefício,,,,
EMPRESA MODELO,Ticket,01-09-2023,06-10-2023,2023-10-05T21:00:00-03:00,,Ticket Flex,690888,690888,,198708860,135.61,6,127.47,,8.14,127.47,0,00 / 00,000000080683215,,Benefício,,,,
EMPRESA MODELO,Ticket,01-09-2023,06-10-2023,2023-10-05T21:00:00-03:00,,Ticket Flex,667319,667319,,198708860,301.1,6,283.03,,18.07,283.03,0,00 / 00,000000080683215,,Benefício,,,,
EMPRESA MODELO,Ticket,01-09-2023,04-10-2023,2023-10-03T21:00:00-03:00,,TICKET ALIMENTACAO,730339,730339,,198834688,0.99,6.06,0.93,,0.06,0,0,00 / 00,000000080683312,,Benefício,,,,
EMPRESA MODELO,Valecard,01-09-2023,17-10-2023,2023-10-16T21:00:00-03:00,,Valecard Voucher,098238,644406019,,,414.38,2.8,402.78,,11.6,402.78,0,00 / 00,013998257000126,,Benefício,,,,
EMPRESA MODELO,Comprocard,01-09-2023,30-10-2023,2023-10-29T21:00:00-03:00,,Comprocard Crédito,784405,60265863,,,15.21,7.89,14.01,,1.2,14.01,0,00 / 00,033091040000145,,Crédito a Vista,,,,
EMPRESA MODELO,Comprocard,01-09-2023,30-10-2023,2023-10-29T21:00:00-03:00,,Comprocard Crédito,052061,65152731,,,66.33,7.9,61.09,,5.24,61.09,0,00 / 00,033091040000145,,Crédito a Vista,,,,
EMPRESA MODELO,Ticket,02-09-2023,06-10-2023,2023-10-05T21:00:00-03:00,,Ticket Flex,532677,532677,,198708860,27.71,5.99,26.05,,1.66,26.05,0,00 / 00,000000080683215,,Benefício,,,,
EMPRESA MODELO,Ticket,02-09-2023,06-10-2023,2023-10-05T21:00:00-03:00,,Ticket Flex,080798,80798,,198708860,5.31,6.03,4.99,,0.32,4.99,0,00 / 00,000000080683215,,Benefício,,,,
EMPRESA MODELO,Ticket,02-09-2023,,2023-10-03T21:00:00-03:00,,TICKET ALIMENTACAO,082600,82600,,198834688,5.67,6,5.33,,0.34,0,0,00 / 00,000000080683312,,Benefício,,,,
EMPRESA MODELO,Ticket,02-09-2023,06-10-2023,2023-10-05T21:00:00-03:00,,Ticket Flex,197591,197591,,198708860,20.45,6.01,19.22,,1.23,19.22,0,00 / 00,000000080683215,,Benefício,,,,
EMPRESA MODELO,Ticket,02-09-2023,04-10-2023,2023-10-03T21:00:00-03:00,,TICKET ALIMENTACAO,056181,56181,,198861928,42.71,5.99,40.15,,2.56,40.15,0,00 / 00,000000080683215,,Benefício,,,,
EMPRESA MODELO,Ticket,02-09-2023,06-10-2023,2023-10-05T21:00:00-03:00,,Ticket Flex,305442,305442,,198708860,19.98,6.01,18.78,,1.2,18.78,0,00 / 00,000000080683215,,Benefício,,,,
EMPRESA MODELO,Sodexo,02-09-2023,06-10-2023,2023-10-05T21:00:00-03:00,,SODEXO REFEICAO,709639,709639,,1,15.52,6.89,14.45,,1.07,14.45,0,00 / 00,033090890000129,,Benefício,,,,
EMPRESA MODELO,Green Card,02-09-2023,04-10-2023,2023-10-03T21:00:00-03:00,,Green Card Débito,673896,673896,,72,101.37,6.8,94.48,,6.89,94.48,0,00 / 00,000000001438301,,Débito,,,,
EMPRESA MODELO,VR,02-09-2023,03-10-2023,2023-10-02T21:00:00-03:00,,VR REFEICAO,304643,17117,,,282,6.85,262.68,,19.32,262.68,0,00 / 00,033091040000145,,Benefício,,,,
EMPRESA MODELO,Valecard,02-09-2023,17-10-2023,2023-10-16T21:00:00-03:00,,Valecard Voucher,016956,644475732,,,2540.61,2.8,2469.47,,71.14,2469.47,0,00 / 00,013998257000126,,Benefício,,,,
EMPRESA MODELO,Valecard,02-09-2023,17-10-2023,2023-10-16T21:00:00-03:00,,Valecard Voucher,044548,644475946,,,74.65,2.8,72.56,,2.09,72.56,0,00 / 00,013998257000126,,Benefício,,,,
EMPRESA MODELO,Valecard,02-09-2023,17-10-2023,2023-10-16T21:00:00-03:00,,Valecard Voucher,057977,644515254,,,2101.06,2.8,2042.23,,58.83,2042.23,0,00 / 00,013998257000126,,Benefício,,,,
EMPRESA MODELO,Valecard,02-09-2023,17-10-2023,2023-10-16T21:00:00-03:00,,Valecard Voucher,065530,644515605,,,105.44,2.8,102.49,,2.95,102.49,0,00 / 00,013998257000126,,Benefício,,,,
EMPRESA MODELO,Valecard,02-09-2023,17-10-2023,2023-10-16T21:00:00-03:00,,Valecard Voucher,040010,644496451,,,259.39,2.8,252.13,,7.26,252.13,0,00 / 00,013998257000126,,Benefício,,,,
EMPRESA MODELO,Valecard,02-09-2023,17-10-2023,2023-10-16T21:00:00-03:00,,Valecard Voucher,046911,644549138,,,451.47,2.8,438.83,,12.64,438.83,0,00 / 00,013998257000126,,Benefício,,,,
EMPRESA MODELO,Valecard,02-09-2023,17-10-2023,2023-10-16T21:00:00-03:00,,Valecard Voucher,044068,644518059,,,249.16,2.8,242.18,,6.98,242.18,0,00 / 00,013998257000126,,Benefício,,,,
EMPRESA MODELO,Valecard,02-09-2023,17-10-2023,2023-10-16T21:00:00-03:00,,Valecard Voucher,045169,644489736,,,237.32,2.8,230.68,,6.64,230.68,0,00 / 00,013998257000126,,Benefício,,,,
EMPRESA MODELO,Comprocard,02-09-2023,,2023-10-29T21:00:00-03:00,,Comprocard Crédito,545462,65200070,,,4.79,5.85,4.51,,0.28,0,0,00 / 00,033090890000129,,Crédito a Vista,,,,
EMPRESA MODELO,Comprocard,02-09-2023,,2023-10-29T21:00:00-03:00,,Comprocard Crédito,929035,65193162,,,9.59,5.94,9.02,,0.57,0,0,00 / 00,033090890000129,,Crédito a Vista,,,,
EMPRESA MODELO,Ticket,02-09-2023,04-10-2023,2023-10-03T21:00:00-03:00,,TICKET ALIMENTACAO,056181,56181,,198861928,42.71,5.99,40.15,,2.56,40.15,0,00 / 00,000000080683215,,Benefício,,,,
EMPRESA MODELO,Green Card,02-09-2023,04-10-2023,2023-10-03T21:00:00-03:00,,Green Card Débito,673896,673896,,72,101.37,6.8,94.48,,6.89,94.48,0,00 / 00,000000001438301,,Débito,,,,
EMPRESA MODELO,VR,02-09-2023,03-10-2023,2023-10-02T21:00:00-03:00,,VR REFEICAO,304643,17117,,,282,6.85,262.68,,19.32,262.68,0,00 / 00,033091040000145,,Benefício,,,,
EMPRESA MODELO,Ticket,02-09-2023,06-10-2023,2023-10-05T21:00:00-03:00,,Ticket Flex,080798,80798,,198708860,5.31,6.03,4.99,,0.32,4.99,0,00 / 00,000000080683215,,Benefício,,,,
EMPRESA MODELO,Ticket,02-09-2023,06-10-2023,2023-10-05T21:00:00-03:00,,Ticket Flex,197591,197591,,198708860,20.45,6.01,19.22,,1.23,19.22,0,00 / 00,000000080683215,,Benefício,,,,
EMPRESA MODELO,Ticket,02-09-2023,06-10-2023,2023-10-05T21:00:00-03:00,,Ticket Flex,305442,305442,,198708860,19.98,6.01,18.78,,1.2,18.78,0,00 / 00,000000080683215,,Benefício,,,,
EMPRESA MODELO,Ticket,02-09-2023,06-10-2023,2023-10-05T21:00:00-03:00,,Ticket Flex,532677,532677,,198708860,27.71,5.99,26.05,,1.66,26.05,0,00 / 00,000000080683215,,Benefício,,,,
EMPRESA MODELO,Sodexo,02-09-2023,06-10-2023,2023-10-05T21:00:00-03:00,,SODEXO REFEICAO,709639,709639,,1,15.52,6.89,14.45,,1.07,14.45,0,00 / 00,033090890000129,,Benefício,,,,
EMPRESA MODELO,Valecard,02-09-2023,17-10-2023,2023-10-16T21:00:00-03:00,,Valecard Voucher,016956,644475732,,,2540.61,2.8,2469.47,,71.14,2469.47,0,00 / 00,013998257000126,,Benefício,,,,
EMPRESA MODELO,Valecard,02-09-2023,17-10-2023,2023-10-16T21:00:00-03:00,,Valecard Voucher,040010,644496451,,,259.39,2.8,252.13,,7.26,252.13,0,00 / 00,013998257000126,,Benefício,,,,
EMPRESA MODELO,Valecard,02-09-2023,17-10-2023,2023-10-16T21:00:00-03:00,,Valecard Voucher,044068,644518059,,,249.16,2.8,242.18,,6.98,242.18,0,00 / 00,013998257000126,,Benefício,,,,
EMPRESA MODELO,Valecard,02-09-2023,17-10-2023,2023-10-16T21:00:00-03:00,,Valecard Voucher,044548,644475946,,,74.65,2.8,72.56,,2.09,72.56,0,00 / 00,013998257000126,,Benefício,,,,
EMPRESA MODELO,Valecard,02-09-2023,17-10-2023,2023-10-16T21:00:00-03:00,,Valecard Voucher,045169,644489736,,,237.32,2.8,230.68,,6.64,230.68,0,00 / 00,013998257000126,,Benefício,,,,
EMPRESA MODELO,Valecard,02-09-2023,17-10-2023,2023-10-16T21:00:00-03:00,,Valecard Voucher,046911,644549138,,,451.47,2.8,438.83,,12.64,438.83,0,00 / 00,013998257000126,,Benefício,,,,
EMPRESA MODELO,Valecard,02-09-2023,17-10-2023,2023-10-16T21:00:00-03:00,,Valecard Voucher,057977,644515254,,,2101.06,2.8,2042.23,,58.83,2042.23,0,00 / 00,013998257000126,,Benefício,,,,
EMPRESA MODELO,Valecard,02-09-2023,17-10-2023,2023-10-16T21:00:00-03:00,,Valecard Voucher,065530,644515605,,,105.44,2.8,102.49,,2.95,102.49,0,00 / 00,013998257000126,,Benefício,,,,
EMPRESA MODELO,Comprocard,02-09-2023,,2023-10-29T21:00:00-03:00,,Comprocard Crédito,545462,65200070,,,4.79,5.85,4.51,,0.28,0,0,00 / 00,033090890000129,,Crédito a Vista,,,,
EMPRESA MODELO,Comprocard,02-09-2023,,2023-10-29T21:00:00-03:00,,Comprocard Crédito,929035,65193162,,,9.59,5.94,9.02,,0.57,0,0,00 / 00,033090890000129,,Crédito a Vista,,,,
EMPRESA MODELO,Ticket,03-09-2023,09-10-2023,2023-10-08T21:00:00-03:00,,TICKET REFEICAO,852814,852814,,198834687,0.01,0,0.01,,0,0.01,0,00 / 00,000000080683312,,Benefício,,,,
EMPRESA MODELO,Sodexo,03-09-2023,06-10-2023,2023-10-05T21:00:00-03:00,,SODEXO REFEICAO,412147,412147,,1,0.01,0,0.01,,0,0.01,0,00 / 00,033091040000145,,Benefício,,,,
EMPRESA MODELO,Ticket,03-09-2023,06-10-2023,2023-10-05T21:00:00-03:00,,Ticket Flex,492916,492916,,198708860,50.96,6,47.9,,3.06,47.9,0,00 / 00,000000080683215,,Benefício,,,,
EMPRESA MODELO,Ticket,03-09-2023,06-10-2023,2023-10-05T21:00:00-03:00,,Ticket Flex,701726,701726,,198708860,32.89,5.99,30.92,,1.97,30.92,0,00 / 00,000000080683215,,Benefício,,,,
EMPRESA MODELO,Ticket,03-09-2023,06-10-2023,2023-10-05T21:00:00-03:00,,Ticket Flex,703038,703038,,198708860,59.14,6,55.59,,3.55,55.59,0,00 / 00,000000080683215,,Benefício,,,,
EMPRESA MODELO,Ticket,03-09-2023,06-10-2023,2023-10-05T21:00:00-03:00,,Ticket Flex,755062,755062,,198708860,19.86,5.99,18.67,,1.19,18.67,0,00 / 00,000000080683215,,Benefício,,,,
EMPRESA MODELO,Green Card,03-09-2023,04-10-2023,2023-10-03T21:00:00-03:00,,Green Card Débito,712397,712397,,72,43.92,6.8,40.93,,2.99,40.93,0,00 / 00,000000001438301,,Débito,,,,
EMPRESA MODELO,Comprocard,03-09-2023,30-10-2023,2023-10-29T21:00:00-03:00,,Comprocard Crédito,915571,65225709,,,35.8,7.91,32.97,,2.83,32.97,0,00 / 00,033091040000145,,Crédito a Vista,,,,
EMPRESA MODELO,Comprocard,03-09-2023,30-10-2023,2023-10-29T21:00:00-03:00,,Comprocard Crédito,844041,65235207,,,98.35,7.9,90.58,,7.77,90.58,0,00 / 00,033091040000145,,Crédito a Vista,,,,
EMPRESA MODELO,Ticket,03-09-2023,11-10-2023,2023-10-10T21:00:00-03:00,,TICKET ALIMENTACAO,946374,946374,,198875607,30.92,6.02,29.06,,1.86,29.06,0,00 / 00,000000080683215,,Benefício,,,,
EMPRESA MODELO,UpBrasil,03-09-2023,20-10-2023,2023-10-19T21:00:00-03:00,,UpBrasil Convênio,739143,243042233,,30923001,42.24,5,40.13,,2.11,40.13,0,00 / 00,000000007815071,,Benefício,,,,
EMPRESA MODELO,Ticket,04-09-2023,06-10-2023,2023-10-05T21:00:00-03:00,,Ticket Flex,334454,334454,,198708860,52.24,5.99,49.11,,3.13,49.11,0,00 / 00,000000080683215,,Benefício,,,,
EMPRESA MODELO,Ticket,04-09-2023,06-10-2023,2023-10-05T21:00:00-03:00,,Ticket Flex,451513,451513,,198708860,20.25,5.98,19.04,,1.21,19.04,0,00 / 00,000000080683215,,Benefício,,,,
EMPRESA MODELO,Ticket,04-09-2023,06-10-2023,2023-10-05T21:00:00-03:00,,Ticket Flex,037505,37505,,198708860,15.9,5.97,14.95,,0.95,14.95,0,00 / 00,000000080683215,,Benefício,,,,
EMPRESA MODELO,Ticket,04-09-2023,06-10-2023,2023-10-05T21:00:00-03:00,,Ticket Flex,341919,341919,,198708860,12.67,6,11.91,,0.76,11.91,0,00 / 00,000000080683215,,Benefício,,,,
EMPRESA MODELO,Ticket,04-09-2023,06-10-2023,2023-10-05T21:00:00-03:00,,Ticket Flex,053334,53334,,198708860,55.19,6,51.88,,3.31,51.88,0,00 / 00,000000080683215,,Benefício,,,,
EMPRESA MODELO,Ticket,04-09-2023,06-10-2023,2023-10-05T21:00:00-03:00,,Ticket Flex,509142,509142,,198708860,5.8,6.03,5.45,,0.35,5.45,0,00 / 00,000000080683215,,Benefício,,,,
EMPRESA MODELO,Ticket,04-09-2023,06-10-2023,2023-10-05T21:00:00-03:00,,Ticket Flex,029104,29104,,198708860,3.99,6.02,3.75,,0.24,3.75,0,00 / 00,000000080683215,,Benefício,,,,
EMPRESA MODELO,Valecard,04-09-2023,24-10-2023,2023-10-23T21:00:00-03:00,,Valecard Voucher,057238,644815274,,,1120.49,2.8,1089.12,,31.37,1089.12,0,00 / 00,013998257000126,,Benefício,,,,
EMPRESA MODELO,Valecard,04-09-2023,24-10-2023,2023-10-23T21:00:00-03:00,,Valecard Voucher,037300,644806181,,,533.8,2.8,518.85,,14.95,518.85,0,00 / 00,013998257000126,,Benefício,,,,
EMPRESA MODELO,Valecard,04-09-2023,24-10-2023,2023-10-23T21:00:00-03:00,,Valecard Voucher,062523,644751099,,,992.54,2.8,964.75,,27.79,964.75,0,00 / 00,013998257000126,,Benefício,,,,
EMPRESA MODELO,Valecard,04-09-2023,24-10-2023,2023-10-23T21:00:00-03:00,,Valecard Voucher,039283,644825283,,,3550.65,2.8,3451.23,,99.42,3451.23,0,00 / 00,013998257000126,,Benefício,,,,
EMPRESA MODELO,Ticket,04-09-2023,06-10-2023,2023-10-05T21:00:00-03:00,,Ticket Flex,029104,29104,,198708860,3.99,6.02,3.75,,0.24,3.75,0,00 / 00,000000080683215,,Benefício,,,,
EMPRESA MODELO,Ticket,04-09-2023,06-10-2023,2023-10-05T21:00:00-03:00,,Ticket Flex,037505,37505,,198708860,15.9,5.97,14.95,,0.95,14.95,0,00 / 00,000000080683215,,Benefício,,,,
EMPRESA MODELO,Ticket,04-09-2023,06-10-2023,2023-10-05T21:00:00-03:00,,Ticket Flex,053334,53334,,198708860,55.19,6,51.88,,3.31,51.88,0,00 / 00,000000080683215,,Benefício,,,,
EMPRESA MODELO,Ticket,04-09-2023,06-10-2023,2023-10-05T21:00:00-03:00,,Ticket Flex,334454,334454,,198708860,52.24,5.99,49.11,,3.13,49.11,0,00 / 00,000000080683215,,Benefício,,,,
EMPRESA MODELO,Ticket,04-09-2023,06-10-2023,2023-10-05T21:00:00-03:00,,Ticket Flex,341919,341919,,198708860,12.67,6,11.91,,0.76,11.91,0,00 / 00,000000080683215,,Benefício,,,,
EMPRESA MODELO,Ticket,04-09-2023,06-10-2023,2023-10-05T21:00:00-03:00,,Ticket Flex,451513,451513,,198708860,20.25,5.98,19.04,,1.21,19.04,0,00 / 00,000000080683215,,Benefício,,,,
EMPRESA MODELO,Ticket,04-09-2023,06-10-2023,2023-10-05T21:00:00-03:00,,Ticket Flex,509142,509142,,198708860,5.8,6.03,5.45,,0.35,5.45,0,00 / 00,000000080683215,,Benefício,,,,
EMPRESA MODELO,Valecard,04-09-2023,24-10-2023,2023-10-23T21:00:00-03:00,,Valecard Voucher,037300,644806181,,,533.8,2.8,518.85,,14.95,518.85,0,00 / 00,013998257000126,,Benefício,,,,
EMPRESA MODELO,Valecard,04-09-2023,24-10-2023,2023-10-23T21:00:00-03:00,,Valecard Voucher,039283,644825283,,,3550.65,2.8,3451.23,,99.42,3451.23,0,00 / 00,013998257000126,,Benefício,,,,
EMPRESA MODELO,Valecard,04-09-2023,24-10-2023,2023-10-23T21:00:00-03:00,,Valecard Voucher,057238,644815274,,,1120.49,2.8,1089.12,,31.37,1089.12,0,00 / 00,013998257000126,,Benefício,,,,
EMPRESA MODELO,Valecard,04-09-2023,24-10-2023,2023-10-23T21:00:00-03:00,,Valecard Voucher,062523,644751099,,,992.54,2.8,964.75,,27.79,964.75,0,00 / 00,013998257000126,,Benefício,,,,
EMPRESA MODELO,UpBrasil,04-09-2023,20-10-2023,2023-10-19T21:00:00-03:00,,UpBrasil Convênio,729683,243094375,,40923001,31.95,5.01,30.35,,1.6,30.35,0,00 / 00,000000007815071,,Benefício,,,,
EMPRESA MODELO,Ticket,05-09-2023,06-10-2023,2023-10-05T21:00:00-03:00,,Ticket Flex,904415,904415,,198708860,3.89,5.91,3.66,,0.23,3.66,0,00 / 00,000000080683215,,Benefício,,,,
EMPRESA MODELO,Ticket,05-09-2023,06-10-2023,2023-10-05T21:00:00-03:00,,Ticket Flex,961584,961584,,198708860,91.08,5.99,85.62,,5.46,85.62,0,00 / 00,000000080683215,,Benefício,,,,
EMPRESA MODELO,Ticket,05-09-2023,06-10-2023,2023-10-05T21:00:00-03:00,,Ticket Flex,359132,359132,,198708860,70.79,6,66.54,,4.25,66.54,0,00 / 00,000000080683215,,Benefício,,,,
EMPRESA MODELO,Valecard,05-09-2023,24-10-2023,2023-10-23T21:00:00-03:00,,Valecard Voucher,062377,644902936,,,3276.42,2.8,3184.68,,91.74,3184.68,0,00 / 00,013998257000126,,Benefício,,,,
EMPRESA MODELO,Valecard,05-09-2023,24-10-2023,2023-10-23T21:00:00-03:00,,Valecard Voucher,092383,644903138,,,184.76,2.8,179.59,,5.17,179.59,0,00 / 00,013998257000126,,Benefício,,,,
EMPRESA MODELO,Ticket,05-09-2023,06-10-2023,2023-10-05T21:00:00-03:00,,Ticket Flex,898251,898251,,198708860,10.44,6.03,9.81,,0.63,9.81,0,00 / 00,000000080683215,,Benefício,,,,
EMPRESA MODELO,Ticket,05-09-2023,06-10-2023,2023-10-05T21:00:00-03:00,,Ticket Flex,501875,501875,,198708860,15.36,5.99,14.44,,0.92,14.44,0,00 / 00,000000080683215,,Benefício,,,,
EMPRESA MODELO,Ticket,05-09-2023,06-10-2023,2023-10-05T21:00:00-03:00,,Ticket Flex,563871,563871,,198708860,6.57,5.94,6.18,,0.39,6.18,0,00 / 00,000000080683215,,Benefício,,,,
EMPRESA MODELO,Ticket,05-09-2023,06-10-2023,2023-10-05T21:00:00-03:00,,Ticket Flex,614707,614707,,198708860,413.18,6,388.39,,24.79,388.39,0,00 / 00,000000080683215,,Benefício,,,,
EMPRESA MODELO,Ticket,05-09-2023,06-10-2023,2023-10-05T21:00:00-03:00,,Ticket Flex,623118,623118,,198708860,45.84,6,43.09,,2.75,43.09,0,00 / 00,000000080683215,,Benefício,,,,
EMPRESA MODELO,Ticket,05-09-2023,06-10-2023,2023-10-05T21:00:00-03:00,,Ticket Flex,890867,890867,,198708860,14.76,6.03,13.87,,0.89,13.87,0,00 / 00,000000080683215,,Benefício,,,,
EMPRESA MODELO,Ticket,05-09-2023,06-10-2023,2023-10-05T21:00:00-03:00,,Ticket Flex,892883,892883,,198708860,5.32,6.02,5,,0.32,5,0,00 / 00,000000080683215,,Benefício,,,,
EMPRESA MODELO,Comprocard,05-09-2023,30-10-2023,2023-10-29T21:00:00-03:00,,Comprocard Crédito,372207,60421672,,,1,8,0.92,,0.08,0.92,0,00 / 00,033091040000145,,Crédito a Vista,,,,
EMPRESA MODELO,Comprocard,05-09-2023,30-10-2023,2023-10-29T21:00:00-03:00,,Comprocard Crédito,746252,65273660,,,7.76,5.93,7.3,,0.46,0,0,00 / 00,033090890000129,,Crédito a Vista,,,,
EMPRESA MODELO,Comprocard,05-09-2023,30-10-2023,2023-10-29T21:00:00-03:00,,Comprocard Crédito,184768,65282079,,,33,5.91,31.05,,1.95,0,0,00 / 00,033090890000129,,Crédito a Vista,,,,
EMPRESA MODELO,Ticket,05-09-2023,11-10-2023,2023-10-10T21:00:00-03:00,,TICKET ALIMENTACAO,807849,807849,,198875607,126.85,6,119.24,,7.61,119.24,0,00 / 00,000000080683215,,Benefício,,,,
EMPRESA MODELO,Valecard,06-09-2023,24-10-2023,2023-10-23T21:00:00-03:00,,Valecard Voucher,014604,645084437,,,146.09,2.8,142,,4.09,142,0,00 / 00,013998257000126,,Benefício,,,,
EMPRESA MODELO,Valecard,06-09-2023,24-10-2023,2023-10-23T21:00:00-03:00,,Valecard Voucher,061909,645025576,,,631.68,2.8,613.99,,17.69,613.99,0,00 / 00,013998257000126,,Benefício,,,,
EMPRESA MODELO,Valecard,06-09-2023,24-10-2023,2023-10-23T21:00:00-03:00,,Valecard Voucher,081041,645084144,,,1645.68,2.8,1599.6,,46.08,1599.6,0,00 / 00,013998257000126,,Benefício,,,,
EMPRESA MODELO,Valecard,06-09-2023,24-10-2023,2023-10-23T21:00:00-03:00,,Valecard Voucher,011667,645036148,,,855.44,2.8,831.49,,23.95,831.49,0,00 / 00,013998257000126,,Benefício,,,,
EMPRESA MODELO,Valecard,06-09-2023,24-10-2023,2023-10-23T21:00:00-03:00,,Valecard Voucher,071969,645031486,,,668.53,2.8,649.81,,18.72,649.81,0,00 / 00,013998257000126,,Benefício,,,,
EMPRESA MODELO,Comprocard,06-09-2023,,2023-10-29T21:00:00-03:00,,Comprocard Crédito,031020,65302356,,,25.47,5.89,23.97,,1.5,0,0,00 / 00,033090890000129,,Crédito a Vista,,,,
EMPRESA MODELO,Valecard,06-09-2023,24-10-2023,2023-10-23T21:00:00-03:00,,Valecard Voucher,011667,645036148,,,855.44,2.8,831.49,,23.95,831.49,0,00 / 00,013998257000126,,Benefício,,,,
EMPRESA MODELO,Valecard,06-09-2023,24-10-2023,2023-10-23T21:00:00-03:00,,Valecard Voucher,014604,645084437,,,146.09,2.8,142,,4.09,142,0,00 / 00,013998257000126,,Benefício,,,,
EMPRESA MODELO,Valecard,06-09-2023,24-10-2023,2023-10-23T21:00:00-03:00,,Valecard Voucher,061909,645025576,,,631.68,2.8,613.99,,17.69,613.99,0,00 / 00,013998257000126,,Benefício,,,,
EMPRESA MODELO,Valecard,06-09-2023,24-10-2023,2023-10-23T21:00:00-03:00,,Valecard Voucher,071969,645031486,,,668.53,2.8,649.81,,18.72,649.81,0,00 / 00,013998257000126,,Benefício,,,,
EMPRESA MODELO,Valecard,06-09-2023,24-10-2023,2023-10-23T21:00:00-03:00,,Valecard Voucher,081041,645084144,,,1645.68,2.8,1599.6,,46.08,1599.6,0,00 / 00,013998257000126,,Benefício,,,,
EMPRESA MODELO,Comprocard,06-09-2023,,2023-10-29T21:00:00-03:00,,Comprocard Crédito,031020,65302356,,,25.47,5.89,23.97,,1.5,0,0,00 / 00,033090890000129,,Crédito a Vista,,,,
EMPRESA MODELO,Ticket,06-09-2023,13-10-2023,2023-10-12T21:00:00-03:00,,Ticket Flex,671070,671070,,199002737,27.55,5.99,25.9,,1.65,25.9,0,00 / 00,000000080683215,,Benefício,,,,
EMPRESA MODELO,Ticket,06-09-2023,13-10-2023,2023-10-12T21:00:00-03:00,,Ticket Flex,047316,47316,,199002737,3.98,6.03,3.74,,0.24,3.74,0,00 / 00,000000080683215,,Benefício,,,,
EMPRESA MODELO,Ticket,06-09-2023,13-10-2023,2023-10-12T21:00:00-03:00,,Ticket Flex,038701,38701,,199002737,100.01,6,94.01,,6,94.01,0,00 / 00,000000080683215,,Benefício,,,,
EMPRESA MODELO,Ticket,06-09-2023,13-10-2023,2023-10-12T21:00:00-03:00,,Ticket Flex,095555,95555,,199002737,123.23,6,115.84,,7.39,115.84,0,00 / 00,000000080683215,,Benefício,,,,
EMPRESA MODELO,Ticket,06-09-2023,13-10-2023,2023-10-12T21:00:00-03:00,,Ticket Flex,132995,132995,,199002737,72.72,6,68.36,,4.36,68.36,0,00 / 00,000000080683215,,Benefício,,,,
EMPRESA MODELO,Ticket,06-09-2023,13-10-2023,2023-10-12T21:00:00-03:00,,Ticket Flex,145150,145150,,199002737,110.63,6,103.99,,6.64,103.99,0,00 / 00,000000080683215,,Benefício,,,,
EMPRESA MODELO,Ticket,06-09-2023,13-10-2023,2023-10-12T21:00:00-03:00,,Ticket Flex,540309,540309,,199002737,11.17,6,10.5,,0.67,10.5,0,00 / 00,000000080683215,,Benefício,,,,
EMPRESA MODELO,Ticket,06-09-2023,13-10-2023,2023-10-12T21:00:00-03:00,,Ticket Flex,079093,79093,,199002737,9.22,5.97,8.67,,0.55,8.67,0,00 / 00,000000080683215,,Benefício,,,,
EMPRESA MODELO,Ticket,06-09-2023,11-10-2023,2023-10-10T21:00:00-03:00,,TICKET ALIMENTACAO,448453,448453,,198991409,81.73,6,76.83,,4.9,76.83,0,00 / 00,000000080683312,,Benefício,,,,
EMPRESA MODELO,Ticket,06-09-2023,11-10-2023,2023-10-10T21:00:00-03:00,,TICKET ALIMENTACAO,836478,836478,,198875607,27.37,5.99,25.73,,1.64,25.73,0,00 / 00,000000080683215,,Benefício,,,,
EMPRESA MODELO,UpBrasil,06-09-2023,20-10-2023,2023-10-19T21:00:00-03:00,,UpBrasil Convênio,759877,243205964,,60923001,26.42,7.38,24.47,,1.95,24.47,0,00 / 00,000000007815066,,Benefício,,,,
EMPRESA MODELO,Valecard,07-09-2023,24-10-2023,2023-10-23T21:00:00-03:00,,Valecard Voucher,098338,645152239,,,3788.24,2.8,3682.17,,106.07,3682.17,0,00 / 00,013998257000126,,Benefício,,,,
EMPRESA MODELO,Valecard,07-09-2023,24-10-2023,2023-10-23T21:00:00-03:00,,Valecard Voucher,069231,645158032,,,223.28,2.8,217.03,,6.25,217.03,0,00 / 00,013998257000126,,Benefício,,,,
EMPRESA MODELO,Valecard,07-09-2023,24-10-2023,2023-10-23T21:00:00-03:00,,Valecard Voucher,059385,645187086,,,1307.65,2.8,1271.04,,36.61,1271.04,0,00 / 00,013998257000126,,Benefício,,,,
EMPRESA MODELO,Valecard,07-09-2023,24-10-2023,2023-10-23T21:00:00-03:00,,Valecard Voucher,059385,645187086,,,1307.65,2.8,1271.04,,36.61,1271.04,0,00 / 00,013998257000126,,Benefício,,,,
EMPRESA MODELO,Valecard,07-09-2023,24-10-2023,2023-10-23T21:00:00-03:00,,Valecard Voucher,069231,645158032,,,223.28,2.8,217.03,,6.25,217.03,0,00 / 00,013998257000126,,Benefício,,,,
EMPRESA MODELO,Valecard,07-09-2023,24-10-2023,2023-10-23T21:00:00-03:00,,Valecard Voucher,098338,645152239,,,3788.24,2.8,3682.17,,106.07,3682.17,0,00 / 00,013998257000126,,Benefício,,,,
EMPRESA MODELO,Ticket,07-09-2023,13-10-2023,2023-10-12T21:00:00-03:00,,Ticket Flex,093028,93028,,199002737,98.37,6,92.47,,5.9,92.47,0,00 / 00,000000080683215,,Benefício,,,,
EMPRESA MODELO,Ticket,07-09-2023,13-10-2023,2023-10-12T21:00:00-03:00,,Ticket Flex,262517,262517,,199002737,18,6,16.92,,1.08,16.92,0,00 / 00,000000080683215,,Benefício,,,,
EMPRESA MODELO,UpBrasil,07-09-2023,20-10-2023,2023-10-19T21:00:00-03:00,,UpBrasil Convênio,157997,243211593,,70923001,31.59,7.38,29.26,,2.33,29.26,0,00 / 00,000000007815066,,Benefício,,,,
EMPRESA MODELO,Valecard,08-09-2023,24-10-2023,2023-10-23T21:00:00-03:00,,Valecard Voucher,069446,645268926,,,2051.24,2.8,1993.81,,57.43,1993.81,0,00 / 00,013998257000126,,Benefício,,,,
EMPRESA MODELO,Valecard,08-09-2023,24-10-2023,2023-10-23T21:00:00-03:00,,Valecard Voucher,088498,645260659,,,2950.06,2.8,2867.46,,82.6,2867.46,0,00 / 00,013998257000126,,Benefício,,,,
EMPRESA MODELO,Valecard,08-09-2023,24-10-2023,2023-10-23T21:00:00-03:00,,Valecard Voucher,091295,645269132,,,92.54,2.8,89.95,,2.59,89.95,0,00 / 00,013998257000126,,Benefício,,,,
EMPRESA MODELO,Valecard,08-09-2023,07-11-2023,2023-11-06T21:00:00-03:00,,Valecard Voucher,806167,645305400,,,241.53,2.8,234.77,,6.76,234.77,0,00 / 00,013998257000126,,Benefício,,,,
EMPRESA MODELO,Cabal,08-09-2023,09-10-2023,2023-10-08T21:00:00-03:00,,CABAL VOUCHER,033694,568591,,,1.19,5.04,1.13,,0.06,1.13,0,00 / 00,033090890000129,,Benefício,,,,
EMPRESA MODELO,Comprocard,08-09-2023,30-10-2023,2023-10-29T21:00:00-03:00,,Comprocard Crédito,202455,65362135,,,448.7,7.9,413.25,,35.45,413.25,0,00 / 00,033091040000145,,Crédito a Vista,,,,
EMPRESA MODELO,Ticket,08-09-2023,13-10-2023,2023-10-12T21:00:00-03:00,,Ticket Flex,831249,831249,,199002737,40,6,37.6,,2.4,37.6,0,00 / 00,000000080683215,,Benefício,,,,
EMPRESA MODELO,Ticket,08-09-2023,13-10-2023,2023-10-12T21:00:00-03:00,,Ticket Flex,900455,900455,,199002737,30.09,6.02,28.28,,1.81,28.28,0,00 / 00,000000080683215,,Benefício,,,,
EMPRESA MODELO,Ticket,08-09-2023,13-10-2023,2023-10-12T21:00:00-03:00,,Ticket Flex,913836,913836,,199002737,14.99,6,14.09,,0.9,14.09,0,00 / 00,000000080683215,,Benefício,,,,
EMPRESA MODELO,Valecard,09-09-2023,24-10-2023,2023-10-23T21:00:00-03:00,,Valecard Voucher,051347,645344957,,,2254.23,2.8,2191.11,,63.12,2191.11,0,00 / 00,013998257000126,,Benefício,,,,
EMPRESA MODELO,Cabal,09-09-2023,16-10-2023,2023-10-15T21:00:00-03:00,,CABAL VOUCHER,085245,568598,,,31.15,6.48,29.13,,2.02,29.13,0,00 / 00,033090890000129,,Benefício,,,,
EMPRESA MODELO,Cabal,09-09-2023,16-10-2023,2023-10-15T21:00:00-03:00,,CABAL VOUCHER,106766,568604,,,82.34,6.5,76.99,,5.35,76.99,0,00 / 00,033090890000129,,Benefício,,,,
EMPRESA MODELO,Cabal,09-09-2023,16-10-2023,2023-10-15T21:00:00-03:00,,CABAL VOUCHER,120121,568612,,,39.65,6.51,37.07,,2.58,37.07,0,00 / 00,033090890000129,,Benefício,,,,
EMPRESA MODELO,Comprocard,09-09-2023,30-10-2023,2023-10-29T21:00:00-03:00,,Comprocard Crédito,528158,65422938,,,109.61,7.9,100.95,,8.66,100.95,0,00 / 00,033091040000145,,Crédito a Vista,,,,
EMPRESA MODELO,Ticket,09-09-2023,13-10-2023,2023-10-12T21:00:00-03:00,,Ticket Flex,878854,878854,,199002737,87.63,6,82.37,,5.26,82.37,0,00 / 00,000000080683215,,Benefício,,,,
EMPRESA MODELO,Ticket,09-09-2023,13-10-2023,2023-10-12T21:00:00-03:00,,Ticket Flex,248513,248513,,199002737,67.42,6.01,63.37,,4.05,63.37,0,00 / 00,000000080683215,,Benefício,,,,
EMPRESA MODELO,Ticket,09-09-2023,13-10-2023,2023-10-12T21:00:00-03:00,,Ticket Flex,430536,430536,,199002737,12.06,5.97,11.34,,0.72,11.34,0,00 / 00,000000080683215,,Benefício,,,,
EMPRESA MODELO,UpBrasil,09-09-2023,20-10-2023,2023-10-19T21:00:00-03:00,,UpBrasil Convênio,304477,243302358,,90923001,142.67,7.39,132.13,,10.54,132.13,0,00 / 00,000000007815066,,Benefício,,,,
EMPRESA MODELO,UpBrasil,09-09-2023,20-10-2023,2023-10-19T21:00:00-03:00,,UpBrasil Convênio,936357,243339351,,90923001,12.43,7.39,11.51,,0.92,11.51,0,00 / 00,000000007815066,,Benefício,,,,
EMPRESA MODELO,UpBrasil,09-09-2023,20-10-2023,2023-10-19T21:00:00-03:00,,UpBrasil Convênio,101207,243318558,,90923001,16.97,7.39,15.72,,1.25,15.72,0,00 / 00,000000007815066,,Benefício,,,,
EMPRESA MODELO,UpBrasil,10-09-2023,20-11-2023,2023-11-19T21:00:00-03:00,,UpBrasil Convênio,712440,243360317,,100923001,10.99,7.37,10.18,,0.81,10.18,0,00 / 00,000000007815066,,Benefício,,,,
EMPRESA MODELO,Comprocard,10-09-2023,30-10-2023,2023-10-29T21:00:00-03:00,,Comprocard Crédito,732700,65428979,,,26,7.88,23.95,,2.05,23.95,0,00 / 00,033091040000145,,Crédito a Vista,,,,
EMPRESA MODELO,Comprocard,10-09-2023,30-10-2023,2023-10-29T21:00:00-03:00,,Comprocard Crédito,240573,65429444,,,27.37,7.89,25.21,,2.16,25.21,0,00 / 00,033091040000145,,Crédito a Vista,,,,
EMPRESA MODELO,Ticket,10-09-2023,13-10-2023,2023-10-12T21:00:00-03:00,,Ticket Flex,905909,905909,,199002737,6.98,6.02,6.56,,0.42,6.56,0,00 / 00,000000080683215,,Benefício,,,,
EMPRESA MODELO,Ticket,11-09-2023,16-10-2023,2023-10-15T21:00:00-03:00,,TICKET REFEICAO,793224,793224,,199157893,23.98,6.01,22.54,,1.44,22.54,0,00 / 00,000000080683215,,Benefício,,,,
EMPRESA MODELO,Ticket,11-09-2023,18-10-2023,2023-10-17T21:00:00-03:00,,TICKET ALIMENTACAO,776735,776735,,199166587,92.77,6,87.2,,5.57,87.2,0,00 / 00,000000080683312,,Benefício,,,,
EMPRESA MODELO,Ticket,11-09-2023,18-10-2023,2023-10-17T21:00:00-03:00,,TICKET ALIMENTACAO,604528,604528,,199166587,12.97,6.01,12.19,,0.78,12.19,0,00 / 00,000000080683312,,Benefício,,,,
EMPRESA MODELO,Ticket,11-09-2023,18-10-2023,2023-10-17T21:00:00-03:00,,TICKET ALIMENTACAO,466034,466034,,199157892,6.48,6.02,6.09,,0.39,6.09,0,00 / 00,000000080683215,,Benefício,,,,
EMPRESA MODELO,Ticket,11-09-2023,18-10-2023,2023-10-17T21:00:00-03:00,,TICKET ALIMENTACAO,988311,988311,,199166587,153.51,6,144.3,,9.21,144.3,0,00 / 00,000000080683312,,Benefício,,,,
EMPRESA MODELO,Ticket,11-09-2023,16-10-2023,2023-10-15T21:00:00-03:00,,TICKET REFEICAO,591203,591203,,199157893,242,6,227.48,,14.52,227.48,0,00 / 00,000000080683215,,Benefício,,,,
EMPRESA MODELO,Ticket,11-09-2023,18-10-2023,2023-10-17T21:00:00-03:00,,TICKET ALIMENTACAO,054150,54150,,199166587,7.49,6.01,7.04,,0.45,7.04,0,00 / 00,000000080683312,,Benefício,,,,
EMPRESA MODELO,Ticket,11-09-2023,18-10-2023,2023-10-17T21:00:00-03:00,,TICKET ALIMENTACAO,660048,660048,,199166587,84,6,78.96,,5.04,78.96,0,00 / 00,000000080683312,,Benefício,,,,
EMPRESA MODELO,Ticket,11-09-2023,18-10-2023,2023-10-17T21:00:00-03:00,,TICKET ALIMENTACAO,023928,23928,,199166587,26,6,24.44,,1.56,24.44,0,00 / 00,000000080683312,,Benefício,,,,
EMPRESA MODELO,Ticket,11-09-2023,18-10-2023,2023-10-17T21:00:00-03:00,,TICKET ALIMENTACAO,560263,560263,,199166587,35.79,6.01,33.64,,2.15,33.64,0,00 / 00,000000080683312,,Benefício,,,,
EMPRESA MODELO,Ticket,11-09-2023,18-10-2023,2023-10-17T21:00:00-03:00,,TICKET ALIMENTACAO,925789,925789,,199157892,51.07,5.99,48.01,,3.06,48.01,0,00 / 00,000000080683215,,Benefício,,,,
EMPRESA MODELO,Ticket,11-09-2023,18-10-2023,2023-10-17T21:00:00-03:00,,TICKET ALIMENTACAO,839472,839472,,199166587,170.9,6,160.65,,10.25,160.65,0,00 / 00,000000080683312,,Benefício,,,,
EMPRESA MODELO,Ticket,11-09-2023,18-10-2023,2023-10-17T21:00:00-03:00,,TICKET ALIMENTACAO,970184,970184,,199166587,123.19,6,115.8,,7.39,115.8,0,00 / 00,000000080683312,,Benefício,,,,
EMPRESA MODELO,Ticket,11-09-2023,18-10-2023,2023-10-17T21:00:00-03:00,,TICKET ALIMENTACAO,048772,48772,,199166587,23.76,6.02,22.33,,1.43,22.33,0,00 / 00,000000080683312,,Benefício,,,,
EMPRESA MODELO,Ticket,11-09-2023,18-10-2023,2023-10-17T21:00:00-03:00,,TICKET ALIMENTACAO,860039,860039,,199166587,113.08,6,106.3,,6.78,106.3,0,00 / 00,000000080683312,,Benefício,,,,
EMPRESA MODELO,Ticket,11-09-2023,18-10-2023,2023-10-17T21:00:00-03:00,,TICKET ALIMENTACAO,764922,764922,,199166587,36.47,6,34.28,,2.19,34.28,0,00 / 00,000000080683312,,Benefício,,,,
EMPRESA MODELO,Ticket,11-09-2023,18-10-2023,2023-10-17T21:00:00-03:00,,TICKET ALIMENTACAO,932660,932660,,199166587,66.97,6,62.95,,4.02,62.95,0,00 / 00,000000080683312,,Benefício,,,,
EMPRESA MODELO,Ticket,11-09-2023,18-10-2023,2023-10-17T21:00:00-03:00,,TICKET ALIMENTACAO,958194,958194,,199166587,54.08,5.99,50.84,,3.24,50.84,0,00 / 00,000000080683312,,Benefício,,,,
EMPRESA MODELO,Ticket,11-09-2023,18-10-2023,2023-10-17T21:00:00-03:00,,TICKET ALIMENTACAO,775702,775702,,199157892,44.92,6.01,42.22,,2.7,42.22,0,00 / 00,000000080683215,,Benefício,,,,
EMPRESA MODELO,Ticket,11-09-2023,18-10-2023,2023-10-17T21:00:00-03:00,,TICKET ALIMENTACAO,599859,599859,,199166587,31.44,6.01,29.55,,1.89,29.55,0,00 / 00,000000080683312,,Benefício,,,,
EMPRESA MODELO,Ticket,11-09-2023,16-10-2023,2023-10-15T21:00:00-03:00,,TICKET REFEICAO,842268,842268,,199166586,40.42,6.01,37.99,,2.43,37.99,0,00 / 00,000000080683312,,Benefício,,,,
EMPRESA MODELO,Ticket,11-09-2023,16-10-2023,2023-10-15T21:00:00-03:00,,TICKET REFEICAO,062620,62620,,199157893,49.59,6.01,46.61,,2.98,46.61,0,00 / 00,000000080683215,,Benefício,,,,
EMPRESA MODELO,Ticket,11-09-2023,16-10-2023,2023-10-15T21:00:00-03:00,,TICKET REFEICAO,590265,590265,,199157893,100,6,94,,6,94,0,00 / 00,000000080683215,,Benefício,,,,
EMPRESA MODELO,UpBrasil,11-09-2023,20-11-2023,2023-11-19T21:00:00-03:00,,UpBrasil Convênio,654570,243375506,,110923001,28.92,7.4,26.78,,2.14,26.78,0,00 / 00,000000007815066,,Benefício,,,,
EMPRESA MODELO,Ticket,11-09-2023,18-10-2023,2023-10-17T21:00:00-03:00,,TICKET ALIMENTACAO,980935,980935,,199166587,71.74,5.99,67.44,,4.3,67.44,0,00 / 00,000000080683312,,Benefício,,,,
EMPRESA MODELO,Ticket,11-09-2023,18-10-2023,2023-10-17T21:00:00-03:00,,TICKET ALIMENTACAO,736771,736771,,199166587,152.19,6,143.06,,9.13,143.06,0,00 / 00,000000080683312,,Benefício,,,,
EMPRESA MODELO,Ticket,11-09-2023,16-10-2023,2023-10-15T21:00:00-03:00,,TICKET REFEICAO,842268,842268,,199166586,40.42,6.01,37.99,,2.43,37.99,0,00 / 00,000000080683312,,Benefício,,,,
EMPRESA MODELO,Ticket,11-09-2023,18-10-2023,2023-10-17T21:00:00-03:00,,TICKET ALIMENTACAO,868981,868981,,199157892,17.13,6.01,16.1,,1.03,16.1,0,00 / 00,000000080683215,,Benefício,,,,
EMPRESA MODELO,Ticket,11-09-2023,16-10-2023,2023-10-15T21:00:00-03:00,,TICKET REFEICAO,062620,62620,,199157893,49.59,6.01,46.61,,2.98,46.61,0,00 / 00,000000080683215,,Benefício,,,,
EMPRESA MODELO,Ticket,11-09-2023,16-10-2023,2023-10-15T21:00:00-03:00,,TICKET REFEICAO,590265,590265,,199157893,100,6,94,,6,94,0,00 / 00,000000080683215,,Benefício,,,,
EMPRESA MODELO,Ticket,11-09-2023,18-10-2023,2023-10-17T21:00:00-03:00,,TICKET ALIMENTACAO,048208,48208,,199166587,16.96,6.01,15.94,,1.02,15.94,0,00 / 00,000000080683312,,Benefício,,,,
EMPRESA MODELO,Ticket,11-09-2023,18-10-2023,2023-10-17T21:00:00-03:00,,TICKET ALIMENTACAO,995790,995790,,199166587,29.52,6,27.75,,1.77,27.75,0,00 / 00,000000080683312,,Benefício,,,,
EMPRESA MODELO,Cabal,11-09-2023,16-10-2023,2023-10-15T21:00:00-03:00,,CABAL VOUCHER,189472,568667,,,4.98,5.02,4.73,,0.25,4.73,0,00 / 00,033090890000129,,Benefício,,,,
EMPRESA MODELO,VR,11-09-2023,10-10-2023,2023-10-09T21:00:00-03:00,,VR REFEICAO,843374,17120,,,9.99,6.81,9.31,,0.68,9.31,0,00 / 00,033091040000145,,Benefício,,,,
EMPRESA MODELO,Valecard,11-09-2023,31-10-2023,2023-10-30T21:00:00-03:00,,Valecard Voucher,059715,645568101,,,548.21,2.8,532.86,,15.35,532.86,0,00 / 00,013998257000126,,Benefício,,,,
EMPRESA MODELO,Valecard,11-09-2023,31-10-2023,2023-10-30T21:00:00-03:00,,Valecard Voucher,039326,645506930,,,187.87,2.8,182.61,,5.26,182.61,0,00 / 00,013998257000126,,Benefício,,,,
EMPRESA MODELO,Valecard,11-09-2023,31-10-2023,2023-10-30T21:00:00-03:00,,Valecard Voucher,039326,645506930,,,187.87,2.8,182.61,,5.26,182.61,0,00 / 00,013998257000126,,Benefício,,,,
EMPRESA MODELO,Valecard,11-09-2023,31-10-2023,2023-10-30T21:00:00-03:00,,Valecard Voucher,059715,645568101,,,548.21,2.8,532.86,,15.35,532.86,0,00 / 00,013998257000126,,Benefício,,,,
EMPRESA MODELO,Ticket,11-09-2023,18-10-2023,2023-10-17T21:00:00-03:00,,TICKET ALIMENTACAO,023928,23928,,199166587,26,6,24.44,,1.56,24.44,0,00 / 00,000000080683312,,Benefício,,,,
EMPRESA MODELO,Ticket,11-09-2023,18-10-2023,2023-10-17T21:00:00-03:00,,TICKET ALIMENTACAO,048208,48208,,199166587,16.96,6.01,15.94,,1.02,15.94,0,00 / 00,000000080683312,,Benefício,,,,
EMPRESA MODELO,Ticket,11-09-2023,18-10-2023,2023-10-17T21:00:00-03:00,,TICKET ALIMENTACAO,048772,48772,,199166587,23.76,6.02,22.33,,1.43,22.33,0,00 / 00,000000080683312,,Benefício,,,,
EMPRESA MODELO,Ticket,11-09-2023,18-10-2023,2023-10-17T21:00:00-03:00,,TICKET ALIMENTACAO,054150,54150,,199166587,7.49,6.01,7.04,,0.45,7.04,0,00 / 00,000000080683312,,Benefício,,,,
EMPRESA MODELO,Ticket,11-09-2023,18-10-2023,2023-10-17T21:00:00-03:00,,TICKET ALIMENTACAO,560263,560263,,199166587,35.79,6.01,33.64,,2.15,33.64,0,00 / 00,000000080683312,,Benefício,,,,
EMPRESA MODELO,Ticket,11-09-2023,18-10-2023,2023-10-17T21:00:00-03:00,,TICKET ALIMENTACAO,599859,599859,,199166587,31.44,6.01,29.55,,1.89,29.55,0,00 / 00,000000080683312,,Benefício,,,,
EMPRESA MODELO,Ticket,11-09-2023,18-10-2023,2023-10-17T21:00:00-03:00,,TICKET ALIMENTACAO,604528,604528,,199166587,12.97,6.01,12.19,,0.78,12.19,0,00 / 00,000000080683312,,Benefício,,,,
EMPRESA MODELO,Ticket,11-09-2023,18-10-2023,2023-10-17T21:00:00-03:00,,TICKET ALIMENTACAO,660048,660048,,199166587,84,6,78.96,,5.04,78.96,0,00 / 00,000000080683312,,Benefício,,,,
EMPRESA MODELO,Ticket,11-09-2023,18-10-2023,2023-10-17T21:00:00-03:00,,TICKET ALIMENTACAO,736771,736771,,199166587,152.19,6,143.06,,9.13,143.06,0,00 / 00,000000080683312,,Benefício,,,,
EMPRESA MODELO,Ticket,11-09-2023,18-10-2023,2023-10-17T21:00:00-03:00,,TICKET ALIMENTACAO,764922,764922,,199166587,36.47,6,34.28,,2.19,34.28,0,00 / 00,000000080683312,,Benefício,,,,
EMPRESA MODELO,Ticket,11-09-2023,18-10-2023,2023-10-17T21:00:00-03:00,,TICKET ALIMENTACAO,776735,776735,,199166587,92.77,6,87.2,,5.57,87.2,0,00 / 00,000000080683312,,Benefício,,,,
EMPRESA MODELO,Ticket,11-09-2023,18-10-2023,2023-10-17T21:00:00-03:00,,TICKET ALIMENTACAO,839472,839472,,199166587,170.9,6,160.65,,10.25,160.65,0,00 / 00,000000080683312,,Benefício,,,,
EMPRESA MODELO,Ticket,11-09-2023,18-10-2023,2023-10-17T21:00:00-03:00,,TICKET ALIMENTACAO,860039,860039,,199166587,113.08,6,106.3,,6.78,106.3,0,00 / 00,000000080683312,,Benefício,,,,
EMPRESA MODELO,Ticket,11-09-2023,18-10-2023,2023-10-17T21:00:00-03:00,,TICKET ALIMENTACAO,932660,932660,,199166587,66.97,6,62.95,,4.02,62.95,0,00 / 00,000000080683312,,Benefício,,,,
EMPRESA MODELO,Ticket,11-09-2023,18-10-2023,2023-10-17T21:00:00-03:00,,TICKET ALIMENTACAO,958194,958194,,199166587,54.08,5.99,50.84,,3.24,50.84,0,00 / 00,000000080683312,,Benefício,,,,
EMPRESA MODELO,Ticket,11-09-2023,18-10-2023,2023-10-17T21:00:00-03:00,,TICKET ALIMENTACAO,970184,970184,,199166587,123.19,6,115.8,,7.39,115.8,0,00 / 00,000000080683312,,Benefício,,,,
EMPRESA MODELO,Ticket,11-09-2023,18-10-2023,2023-10-17T21:00:00-03:00,,TICKET ALIMENTACAO,980935,980935,,199166587,71.74,5.99,67.44,,4.3,67.44,0,00 / 00,000000080683312,,Benefício,,,,
EMPRESA MODELO,Ticket,11-09-2023,18-10-2023,2023-10-17T21:00:00-03:00,,TICKET ALIMENTACAO,988311,988311,,199166587,153.51,6,144.3,,9.21,144.3,0,00 / 00,000000080683312,,Benefício,,,,
EMPRESA MODELO,VR,11-09-2023,10-10-2023,2023-10-09T21:00:00-03:00,,VR REFEICAO,843374,17120,,,9.99,6.81,9.31,,0.68,9.31,0,00 / 00,033091040000145,,Benefício,,,,
EMPRESA MODELO,Ticket,11-09-2023,16-10-2023,2023-10-15T21:00:00-03:00,,TICKET REFEICAO,591203,591203,,199157893,242,6,227.48,,14.52,227.48,0,00 / 00,000000080683215,,Benefício,,,,
EMPRESA MODELO,Ticket,11-09-2023,16-10-2023,2023-10-15T21:00:00-03:00,,TICKET REFEICAO,793224,793224,,199157893,23.98,6.01,22.54,,1.44,22.54,0,00 / 00,000000080683215,,Benefício,,,,
EMPRESA MODELO,Cabal,11-09-2023,16-10-2023,2023-10-15T21:00:00-03:00,,CABAL VOUCHER,189472,568667,,,4.98,5.02,4.73,,0.25,4.73,0,00 / 00,033090890000129,,Benefício,,,,
EMPRESA MODELO,Ticket,11-09-2023,18-10-2023,2023-10-17T21:00:00-03:00,,TICKET ALIMENTACAO,995790,995790,,199166587,29.52,6,27.75,,1.77,27.75,0,00 / 00,000000080683312,,Benefício,,,,
EMPRESA MODELO,Ticket,11-09-2023,18-10-2023,2023-10-17T21:00:00-03:00,,TICKET ALIMENTACAO,466034,466034,,199157892,6.48,6.02,6.09,,0.39,6.09,0,00 / 00,000000080683215,,Benefício,,,,
EMPRESA MODELO,Ticket,11-09-2023,18-10-2023,2023-10-17T21:00:00-03:00,,TICKET ALIMENTACAO,775702,775702,,199157892,44.92,6.01,42.22,,2.7,42.22,0,00 / 00,000000080683215,,Benefício,,,,
EMPRESA MODELO,Ticket,11-09-2023,18-10-2023,2023-10-17T21:00:00-03:00,,TICKET ALIMENTACAO,868981,868981,,199157892,17.13,6.01,16.1,,1.03,16.1,0,00 / 00,000000080683215,,Benefício,,,,
EMPRESA MODELO,Ticket,11-09-2023,18-10-2023,2023-10-17T21:00:00-03:00,,TICKET ALIMENTACAO,925789,925789,,199157892,51.07,5.99,48.01,,3.06,48.01,0,00 / 00,000000080683215,,Benefício,,,,
EMPRESA MODELO,Ticket,11-09-2023,13-10-2023,2023-10-12T21:00:00-03:00,,Ticket Flex,509963,509963,,199002737,4.57,5.91,4.3,,0.27,4.3,0,00 / 00,000000080683215,,Benefício,,,,
EMPRESA MODELO,Ticket,11-09-2023,13-10-2023,2023-10-12T21:00:00-03:00,,Ticket Flex,992550,992550,,199002737,142.93,6,134.35,,8.58,134.35,0,00 / 00,000000080683215,,Benefício,,,,
EMPRESA MODELO,Ticket,12-09-2023,18-10-2023,2023-10-17T21:00:00-03:00,,TICKET ALIMENTACAO,337651,337651,,199166587,10.14,6.02,9.53,,0.61,9.53,0,00 / 00,000000080683312,,Benefício,,,,
EMPRESA MODELO,Ticket,12-09-2023,18-10-2023,2023-10-17T21:00:00-03:00,,TICKET ALIMENTACAO,421485,421485,,199166587,29.75,5.98,27.97,,1.78,27.97,0,00 / 00,000000080683312,,Benefício,,,,
EMPRESA MODELO,Valecard,12-09-2023,31-10-2023,2023-10-30T21:00:00-03:00,,Valecard Voucher,027392,645607798,,,780.91,2.8,759.04,,21.87,759.04,0,00 / 00,013998257000126,,Benefício,,,,
EMPRESA MODELO,Valecard,12-09-2023,31-10-2023,2023-10-30T21:00:00-03:00,,Valecard Voucher,078595,645607463,,,1419.12,2.8,1379.38,,39.74,1379.38,0,00 / 00,013998257000126,,Benefício,,,,
EMPRESA MODELO,Valecard,12-09-2023,31-10-2023,2023-10-30T21:00:00-03:00,,Valecard Voucher,066223,645602569,,,76.75,2.8,74.6,,2.15,74.6,0,00 / 00,013998257000126,,Benefício,,,,
EMPRESA MODELO,Valecard,12-09-2023,31-10-2023,2023-10-30T21:00:00-03:00,,Valecard Voucher,044736,645602742,,,2347.38,2.8,2281.65,,65.73,2281.65,0,00 / 00,013998257000126,,Benefício,,,,
EMPRESA MODELO,Valecard,12-09-2023,31-10-2023,2023-10-30T21:00:00-03:00,,Valecard Voucher,089182,645602489,,,1968.64,2.8,1913.52,,55.12,1913.52,0,00 / 00,013998257000126,,Benefício,,,,
EMPRESA MODELO,Valecard,12-09-2023,31-10-2023,2023-10-30T21:00:00-03:00,,Valecard Voucher,040255,645638908,,,418.96,2.8,407.23,,11.73,407.23,0,00 / 00,013998257000126,,Benefício,,,,
EMPRESA MODELO,Valecard,12-09-2023,31-10-2023,2023-10-30T21:00:00-03:00,,Valecard Voucher,073563,645637838,,,376.2,2.8,365.67,,10.53,365.67,0,00 / 00,013998257000126,,Benefício,,,,
EMPRESA MODELO,Valecard,12-09-2023,31-10-2023,2023-10-30T21:00:00-03:00,,Valecard Voucher,031244,645704907,,,670.78,2.8,652,,18.78,652,0,00 / 00,013998257000126,,Benefício,,,,
EMPRESA MODELO,Ticket,12-09-2023,18-10-2023,2023-10-17T21:00:00-03:00,,TICKET ALIMENTACAO,541726,541726,,199157892,2.99,6.02,2.81,,0.18,2.81,0,00 / 00,000000080683215,,Benefício,,,,
EMPRESA MODELO,Ticket,12-09-2023,18-10-2023,2023-10-17T21:00:00-03:00,,TICKET ALIMENTACAO,133591,133591,,199157892,11.47,6.02,10.78,,0.69,10.78,0,00 / 00,000000080683215,,Benefício,,,,
EMPRESA MODELO,Ticket,12-09-2023,18-10-2023,2023-10-17T21:00:00-03:00,,TICKET ALIMENTACAO,294566,294566,,199157892,88.17,6,82.88,,5.29,82.88,0,00 / 00,000000080683215,,Benefício,,,,
EMPRESA MODELO,Ticket,12-09-2023,18-10-2023,2023-10-17T21:00:00-03:00,,TICKET ALIMENTACAO,137983,137983,,199166587,34.53,5.99,32.46,,2.07,32.46,0,00 / 00,000000080683312,,Benefício,,,,
EMPRESA MODELO,Ticket,12-09-2023,18-10-2023,2023-10-17T21:00:00-03:00,,TICKET ALIMENTACAO,343500,343500,,199166587,14.36,5.99,13.5,,0.86,13.5,0,00 / 00,000000080683312,,Benefício,,,,
EMPRESA MODELO,Ticket,12-09-2023,18-10-2023,2023-10-17T21:00:00-03:00,,TICKET ALIMENTACAO,495308,495308,,199166587,5.79,6.04,5.44,,0.35,5.44,0,00 / 00,000000080683312,,Benefício,,,,
EMPRESA MODELO,Ticket,12-09-2023,18-10-2023,2023-10-17T21:00:00-03:00,,TICKET ALIMENTACAO,114531,114531,,199166587,6.22,5.95,5.85,,0.37,5.85,0,00 / 00,000000080683312,,Benefício,,,,
EMPRESA MODELO,Ticket,12-09-2023,18-10-2023,2023-10-17T21:00:00-03:00,,TICKET ALIMENTACAO,273249,273249,,199157892,68.88,6,64.75,,4.13,64.75,0,00 / 00,000000080683215,,Benefício,,,,
EMPRESA MODELO,Ticket,12-09-2023,18-10-2023,2023-10-17T21:00:00-03:00,,TICKET ALIMENTACAO,304642,304642,,199157892,15.99,6,15.03,,0.96,15.03,0,00 / 00,000000080683215,,Benefício,,,,
EMPRESA MODELO,Ticket,12-09-2023,18-10-2023,2023-10-17T21:00:00-03:00,,TICKET ALIMENTACAO,310499,310499,,199157892,9.19,5.98,8.64,,0.55,8.64,0,00 / 00,000000080683215,,Benefício,,,,
EMPRESA MODELO,UpBrasil,12-09-2023,20-11-2023,2023-11-19T21:00:00-03:00,,UpBrasil Convênio,603870,243419383,,120923001,20.5,9.07,18.64,,1.86,18.64,0,00 / 00,000000007815066,,Benefício,,,,
EMPRESA MODELO,UpBrasil,12-09-2023,20-11-2023,2023-11-19T21:00:00-03:00,,UpBrasil Convênio,233417,243420899,,120923001,47.88,9.07,43.54,,4.34,43.54,0,00 / 00,000000007815066,,Benefício,,,,
EMPRESA MODELO,Ticket,12-09-2023,16-10-2023,2023-10-15T21:00:00-03:00,,TICKET REFEICAO,114884,114884,,199157893,6.08,5.92,5.72,,0.36,5.72,0,00 / 00,000000080683215,,Benefício,,,,
EMPRESA MODELO,Ticket,12-09-2023,16-10-2023,2023-10-15T21:00:00-03:00,,TICKET REFEICAO,274127,274127,,199157893,148.6,6,139.68,,8.92,139.68,0,00 / 00,000000080683215,,Benefício,,,,
EMPRESA MODELO,Comprocard,12-09-2023,30-10-2023,2023-10-29T21:00:00-03:00,,Comprocard Crédito,349304,65474754,,,148.61,7.9,136.87,,11.74,136.87,0,00 / 00,033091040000145,,Crédito a Vista,,,,
EMPRESA MODELO,Comprocard,12-09-2023,30-10-2023,2023-10-29T21:00:00-03:00,,Comprocard Crédito,887641,65497886,,,39.94,7.91,36.78,,3.16,36.78,0,00 / 00,033091040000145,,Crédito a Vista,,,,
EMPRESA MODELO,Ticket,12-09-2023,13-10-2023,2023-10-12T21:00:00-03:00,,Ticket Flex,536475,536475,,199002737,47.32,6,44.48,,2.84,44.48,0,00 / 00,000000080683215,,Benefício,,,,
EMPRESA MODELO,Ticket,12-09-2023,13-10-2023,2023-10-12T21:00:00-03:00,,Ticket Flex,115264,115264,,199002737,2.66,6.02,2.5,,0.16,2.5,0,00 / 00,000000080683215,,Benefício,,,,
EMPRESA MODELO,Ticket,12-09-2023,13-10-2023,2023-10-12T21:00:00-03:00,,Ticket Flex,379265,379265,,199002737,13.28,6.02,12.48,,0.8,12.48,0,00 / 00,000000080683215,,Benefício,,,,
EMPRESA MODELO,UpBrasil,13-09-2023,20-11-2023,2023-11-19T21:00:00-03:00,,UpBrasil Convênio,336900,243455581,,130923001,22.1,5.02,20.99,,1.11,20.99,0,00 / 00,000000007815071,,Benefício,,,,
EMPRESA MODELO,Valecard,13-09-2023,14-11-2023,2023-11-13T21:00:00-03:00,,Valecard Voucher,399657,645740270,,,40,2.8,38.88,,1.12,38.88,0,00 / 00,013998257000126,,Benefício,,,,
EMPRESA MODELO,Valecard,13-09-2023,31-10-2023,2023-10-30T21:00:00-03:00,,Valecard Voucher,088825,645763511,,,3117.82,2.8,3030.52,,87.3,3030.52,0,00 / 00,013998257000126,,Benefício,,,,
EMPRESA MODELO,Valecard,13-09-2023,31-10-2023,2023-10-30T21:00:00-03:00,,Valecard Voucher,071555,645767441,,,266.26,2.8,258.8,,7.46,258.8,0,00 / 00,013998257000126,,Benefício,,,,
EMPRESA MODELO,Comprocard,13-09-2023,30-10-2023,2023-10-29T21:00:00-03:00,,Comprocard Crédito,977924,65519096,,,19.56,7.92,18.01,,1.55,18.01,0,00 / 00,033091040000145,,Crédito a Vista,,,,
EMPRESA MODELO,Comprocard,13-09-2023,30-10-2023,2023-10-29T21:00:00-03:00,,Comprocard Crédito,620139,65526348,,,653.93,7.9,602.27,,51.66,602.27,0,00 / 00,033091040000145,,Crédito a Vista,,,,
EMPRESA MODELO,Valecard,14-09-2023,14-11-2023,2023-11-13T21:00:00-03:00,,Valecard Voucher,473244,645901220,,,196.78,2.8,191.27,,5.51,191.27,0,00 / 00,013998257000126,,Benefício,,,,
EMPRESA MODELO,Valecard,14-09-2023,31-10-2023,2023-10-30T21:00:00-03:00,,Valecard Voucher,020685,645833863,,,3292.46,2.8,3200.27,,92.19,3200.27,0,00 / 00,013998257000126,,Benefício,,,,
EMPRESA MODELO,Valecard,14-09-2023,31-10-2023,2023-10-30T21:00:00-03:00,,Valecard Voucher,041864,645834114,,,98.84,2.8,96.07,,2.77,96.07,0,00 / 00,013998257000126,,Benefício,,,,
EMPRESA MODELO,Valecard,14-09-2023,31-10-2023,2023-10-30T21:00:00-03:00,,Valecard Voucher,013101,645912868,,,96.18,2.8,93.49,,2.69,93.49,0,00 / 00,013998257000126,,Benefício,,,,
EMPRESA MODELO,Valecard,14-09-2023,31-10-2023,2023-10-30T21:00:00-03:00,,Valecard Voucher,055545,645921213,,,870.81,2.8,846.43,,24.38,846.43,0,00 / 00,013998257000126,,Benefício,,,,
EMPRESA MODELO,Valecard,14-09-2023,31-10-2023,2023-10-30T21:00:00-03:00,,Valecard Voucher,069763,645912752,,,2664.91,2.8,2590.29,,74.62,2590.29,0,00 / 00,013998257000126,,Benefício,,,,
EMPRESA MODELO,Valecard,14-09-2023,14-11-2023,2023-11-13T21:00:00-03:00,,Valecard Voucher,473244,645901220,,,196.78,2.8,191.27,,5.51,191.27,0,00 / 00,013998257000126,,Benefício,,,,
EMPRESA MODELO,Valecard,14-09-2023,31-10-2023,2023-10-30T21:00:00-03:00,,Valecard Voucher,013101,645912868,,,96.18,2.8,93.49,,2.69,93.49,0,00 / 00,013998257000126,,Benefício,,,,
EMPRESA MODELO,Valecard,14-09-2023,31-10-2023,2023-10-30T21:00:00-03:00,,Valecard Voucher,020685,645833863,,,3292.46,2.8,3200.27,,92.19,3200.27,0,00 / 00,013998257000126,,Benefício,,,,
EMPRESA MODELO,Valecard,14-09-2023,31-10-2023,2023-10-30T21:00:00-03:00,,Valecard Voucher,041864,645834114,,,98.84,2.8,96.07,,2.77,96.07,0,00 / 00,013998257000126,,Benefício,,,,
EMPRESA MODELO,Valecard,14-09-2023,31-10-2023,2023-10-30T21:00:00-03:00,,Valecard Voucher,055545,645921213,,,870.81,2.8,846.43,,24.38,846.43,0,00 / 00,013998257000126,,Benefício,,,,
EMPRESA MODELO,Valecard,14-09-2023,31-10-2023,2023-10-30T21:00:00-03:00,,Valecard Voucher,069763,645912752,,,2664.91,2.8,2590.29,,74.62,2590.29,0,00 / 00,013998257000126,,Benefício,,,,
EMPRESA MODELO,Valecard,15-09-2023,31-10-2023,2023-10-30T21:00:00-03:00,,Valecard Voucher,074443,645945006,,,268.41,2.8,260.89,,7.52,260.89,0,00 / 00,013998257000126,,Benefício,,,,
EMPRESA MODELO,Valecard,15-09-2023,31-10-2023,2023-10-30T21:00:00-03:00,,Valecard Voucher,099129,645986231,,,74.64,2.8,72.55,,2.09,72.55,0,00 / 00,013998257000126,,Benefício,,,,
EMPRESA MODELO,Valecard,15-09-2023,31-10-2023,2023-10-30T21:00:00-03:00,,Valecard Voucher,018852,645991242,,,387.33,2.8,376.48,,10.85,376.48,0,00 / 00,013998257000126,,Benefício,,,,
EMPRESA MODELO,Valecard,15-09-2023,31-10-2023,2023-10-30T21:00:00-03:00,,Valecard Voucher,088033,646004673,,,206.19,2.8,200.42,,5.77,200.42,0,00 / 00,013998257000126,,Benefício,,,,
EMPRESA MODELO,Valecard,15-09-2023,31-10-2023,2023-10-30T21:00:00-03:00,,Valecard Voucher,073532,646023936,,,2062.9,2.8,2005.14,,57.76,2005.14,0,00 / 00,013998257000126,,Benefício,,,,
EMPRESA MODELO,Comprocard,15-09-2023,30-10-2023,2023-10-29T21:00:00-03:00,,Comprocard Crédito,279603,65566415,,,221.71,7.9,204.19,,17.52,204.19,0,00 / 00,033091040000145,,Crédito a Vista,,,,
EMPRESA MODELO,Valecard,16-09-2023,31-10-2023,2023-10-30T21:00:00-03:00,,Valecard Voucher,056149,646148149,,,3096.3,2.8,3009.6,,86.7,3009.6,0,00 / 00,013998257000126,,Benefício,,,,
EMPRESA MODELO,Valecard,16-09-2023,31-10-2023,2023-10-30T21:00:00-03:00,,Valecard Voucher,019954,646082914,,,89.17,2.8,86.67,,2.5,86.67,0,00 / 00,013998257000126,,Benefício,,,,
EMPRESA MODELO,Valecard,16-09-2023,31-10-2023,2023-10-30T21:00:00-03:00,,Valecard Voucher,030688,646082658,,,2415.42,2.8,2347.79,,67.63,2347.79,0,00 / 00,013998257000126,,Benefício,,,,
EMPRESA MODELO,Comprocard,16-09-2023,30-10-2023,2023-10-29T21:00:00-03:00,,Comprocard Crédito,018931,65624641,,,180,7.9,165.78,,14.22,165.78,0,00 / 00,033091040000145,,Crédito a Vista,,,,
EMPRESA MODELO,Valecard,17-09-2023,07-11-2023,2023-11-06T21:00:00-03:00,,Valecard Voucher,022137,646204334,,,195.64,2.8,190.16,,5.48,190.16,0,00 / 00,013998257000126,,Benefício,,,,
EMPRESA MODELO,Valecard,17-09-2023,07-11-2023,2023-11-06T21:00:00-03:00,,Valecard Voucher,053214,646211883,,,385.75,2.8,374.95,,10.8,374.95,0,00 / 00,013998257000126,,Benefício,,,,
EMPRESA MODELO,Valecard,18-09-2023,07-11-2023,2023-11-06T21:00:00-03:00,,Valecard Voucher,074893,646262113,,,295.11,2.8,286.85,,8.26,286.85,0,00 / 00,013998257000126,,Benefício,,,,
EMPRESA MODELO,Valecard,18-09-2023,07-11-2023,2023-11-06T21:00:00-03:00,,Valecard Voucher,050253,646328904,,,77.58,2.8,75.41,,2.17,75.41,0,00 / 00,013998257000126,,Benefício,,,,
EMPRESA MODELO,Valecard,18-09-2023,07-11-2023,2023-11-06T21:00:00-03:00,,Valecard Voucher,013071,646301199,,,1937.97,2.8,1883.71,,54.26,1883.71,0,00 / 00,013998257000126,,Benefício,,,,
EMPRESA MODELO,Valecard,18-09-2023,07-11-2023,2023-11-06T21:00:00-03:00,,Valecard Voucher,063161,646302966,,,266.61,2.8,259.14,,7.47,259.14,0,00 / 00,013998257000126,,Benefício,,,,
EMPRESA MODELO,Valecard,18-09-2023,07-11-2023,2023-11-06T21:00:00-03:00,,Valecard Voucher,082626,646328660,,,2451,2.8,2382.37,,68.63,2382.37,0,00 / 00,013998257000126,,Benefício,,,,
EMPRESA MODELO,Valecard,18-09-2023,07-11-2023,2023-11-06T21:00:00-03:00,,Valecard Voucher,016238,646296714,,,182.78,2.8,177.66,,5.12,177.66,0,00 / 00,013998257000126,,Benefício,,,,
EMPRESA MODELO,Valecard,18-09-2023,07-11-2023,2023-11-06T21:00:00-03:00,,Valecard Voucher,013071,646301199,,,1937.97,2.8,1883.71,,54.26,1883.71,0,00 / 00,013998257000126,,Benefício,,,,
EMPRESA MODELO,Valecard,18-09-2023,07-11-2023,2023-11-06T21:00:00-03:00,,Valecard Voucher,016238,646296714,,,182.78,2.8,177.66,,5.12,177.66,0,00 / 00,013998257000126,,Benefício,,,,
EMPRESA MODELO,Valecard,18-09-2023,07-11-2023,2023-11-06T21:00:00-03:00,,Valecard Voucher,050253,646328904,,,77.58,2.8,75.41,,2.17,75.41,0,00 / 00,013998257000126,,Benefício,,,,
EMPRESA MODELO,Valecard,18-09-2023,07-11-2023,2023-11-06T21:00:00-03:00,,Valecard Voucher,063161,646302966,,,266.61,2.8,259.14,,7.47,259.14,0,00 / 00,013998257000126,,Benefício,,,,
EMPRESA MODELO,Valecard,18-09-2023,07-11-2023,2023-11-06T21:00:00-03:00,,Valecard Voucher,074893,646262113,,,295.11,2.8,286.85,,8.26,286.85,0,00 / 00,013998257000126,,Benefício,,,,
EMPRESA MODELO,Valecard,18-09-2023,07-11-2023,2023-11-06T21:00:00-03:00,,Valecard Voucher,082626,646328660,,,2451,2.8,2382.37,,68.63,2382.37,0,00 / 00,013998257000126,,Benefício,,,,
EMPRESA MODELO,Valecard,19-09-2023,07-11-2023,2023-11-06T21:00:00-03:00,,Valecard Voucher,093945,646361063,,,757.06,2.8,735.86,,21.2,735.86,0,00 / 00,013998257000126,,Benefício,,,,
EMPRESA MODELO,Valecard,19-09-2023,07-11-2023,2023-11-06T21:00:00-03:00,,Valecard Voucher,075797,646365145,,,572.14,2.8,556.12,,16.02,556.12,0,00 / 00,013998257000126,,Benefício,,,,
EMPRESA MODELO,Valecard,19-09-2023,07-11-2023,2023-11-06T21:00:00-03:00,,Valecard Voucher,041081,646362039,,,86.54,2.8,84.12,,2.42,84.12,0,00 / 00,013998257000126,,Benefício,,,,
EMPRESA MODELO,Valecard,19-09-2023,07-11-2023,2023-11-06T21:00:00-03:00,,Valecard Voucher,068013,646361860,,,4535.04,2.8,4408.06,,126.98,4408.06,0,00 / 00,013998257000126,,Benefício,,,,
EMPRESA MODELO,Valecard,19-09-2023,07-11-2023,2023-11-06T21:00:00-03:00,,Valecard Voucher,077561,646439204,,,42.37,2.81,41.18,,1.19,41.18,0,00 / 00,013998257000126,,Benefício,,,,
EMPRESA MODELO,Valecard,19-09-2023,07-11-2023,2023-11-06T21:00:00-03:00,,Valecard Voucher,010118,646439089,,,360.89,2.8,350.79,,10.1,350.79,0,00 / 00,013998257000126,,Benefício,,,,
EMPRESA MODELO,Valecard,20-09-2023,07-11-2023,2023-11-06T21:00:00-03:00,,Valecard Voucher,085575,646490928,,,65.32,2.8,63.49,,1.83,63.49,0,00 / 00,013998257000126,,Benefício,,,,
EMPRESA MODELO,Valecard,20-09-2023,07-11-2023,2023-11-06T21:00:00-03:00,,Valecard Voucher,027615,646496673,,,134.95,2.8,131.17,,3.78,131.17,0,00 / 00,013998257000126,,Benefício,,,,
EMPRESA MODELO,Valecard,20-09-2023,07-11-2023,2023-11-06T21:00:00-03:00,,Valecard Voucher,018541,646558470,,,289.37,2.8,281.27,,8.1,281.27,0,00 / 00,013998257000126,,Benefício,,,,
EMPRESA MODELO,Valecard,20-09-2023,07-11-2023,2023-11-06T21:00:00-03:00,,Valecard Voucher,045661,646566161,,,91.26,2.81,88.7,,2.56,88.7,0,00 / 00,013998257000126,,Benefício,,,,
EMPRESA MODELO,Valecard,20-09-2023,07-11-2023,2023-11-06T21:00:00-03:00,,Valecard Voucher,036064,646564274,,,173.89,2.8,169.02,,4.87,169.02,0,00 / 00,013998257000126,,Benefício,,,,
EMPRESA MODELO,Valecard,20-09-2023,07-11-2023,2023-11-06T21:00:00-03:00,,Valecard Voucher,058547,646565956,,,1247.59,2.8,1212.66,,34.93,1212.66,0,00 / 00,013998257000126,,Benefício,,,,
EMPRESA MODELO,Valecard,20-09-2023,07-11-2023,2023-11-06T21:00:00-03:00,,Valecard Voucher,053526,646496504,,,3225,2.8,3134.7,,90.3,3134.7,0,00 / 00,013998257000126,,Benefício,,,,
EMPRESA MODELO,Valecard,20-09-2023,07-11-2023,2023-11-06T21:00:00-03:00,,Valecard Voucher,080747,646506262,,,584.81,2.8,568.44,,16.37,568.44,0,00 / 00,013998257000126,,Benefício,,,,
EMPRESA MODELO,Valecard,20-09-2023,21-11-2023,2023-11-20T21:00:00-03:00,,Valecard Voucher,899080,646569252,,,158,2.8,153.58,,4.42,153.58,0,00 / 00,013998257000126,,Benefício,,,,
EMPRESA MODELO,Valecard,20-09-2023,07-11-2023,2023-11-06T21:00:00-03:00,,Valecard Voucher,018541,646558470,,,289.37,2.8,281.27,,8.1,281.27,0,00 / 00,013998257000126,,Benefício,,,,
EMPRESA MODELO,Valecard,20-09-2023,07-11-2023,2023-11-06T21:00:00-03:00,,Valecard Voucher,027615,646496673,,,134.95,2.8,131.17,,3.78,131.17,0,00 / 00,013998257000126,,Benefício,,,,
EMPRESA MODELO,Valecard,20-09-2023,07-11-2023,2023-11-06T21:00:00-03:00,,Valecard Voucher,036064,646564274,,,173.89,2.8,169.02,,4.87,169.02,0,00 / 00,013998257000126,,Benefício,,,,
EMPRESA MODELO,Valecard,20-09-2023,07-11-2023,2023-11-06T21:00:00-03:00,,Valecard Voucher,045661,646566161,,,91.26,2.81,88.7,,2.56,88.7,0,00 / 00,013998257000126,,Benefício,,,,
EMPRESA MODELO,Valecard,20-09-2023,07-11-2023,2023-11-06T21:00:00-03:00,,Valecard Voucher,053526,646496504,,,3225,2.8,3134.7,,90.3,3134.7,0,00 / 00,013998257000126,,Benefício,,,,
EMPRESA MODELO,Valecard,20-09-2023,07-11-2023,2023-11-06T21:00:00-03:00,,Valecard Voucher,058547,646565956,,,1247.59,2.8,1212.66,,34.93,1212.66,0,00 / 00,013998257000126,,Benefício,,,,
EMPRESA MODELO,Valecard,20-09-2023,07-11-2023,2023-11-06T21:00:00-03:00,,Valecard Voucher,080747,646506262,,,584.81,2.8,568.44,,16.37,568.44,0,00 / 00,013998257000126,,Benefício,,,,
EMPRESA MODELO,Valecard,20-09-2023,07-11-2023,2023-11-06T21:00:00-03:00,,Valecard Voucher,085575,646490928,,,65.32,2.8,63.49,,1.83,63.49,0,00 / 00,013998257000126,,Benefício,,,,
EMPRESA MODELO,Valecard,21-09-2023,07-11-2023,2023-11-06T21:00:00-03:00,,Valecard Voucher,042006,646631447,,,239.99,2.8,233.27,,6.72,233.27,0,00 / 00,013998257000126,,Benefício,,,,
EMPRESA MODELO,Valecard,21-09-2023,07-11-2023,2023-11-06T21:00:00-03:00,,Valecard Voucher,041525,646643687,,,362.27,2.8,352.13,,10.14,352.13,0,00 / 00,013998257000126,,Benefício,,,,
EMPRESA MODELO,Valecard,21-09-2023,07-11-2023,2023-11-06T21:00:00-03:00,,Valecard Voucher,049990,646643801,,,3.71,2.7,3.61,,0.1,3.61,0,00 / 00,013998257000126,,Benefício,,,,
EMPRESA MODELO,Valecard,21-09-2023,07-11-2023,2023-11-06T21:00:00-03:00,,Valecard Voucher,074524,646653858,,,1649.23,2.8,1603.05,,46.18,1603.05,0,00 / 00,013998257000126,,Benefício,,,,
EMPRESA MODELO,Valecard,22-09-2023,07-11-2023,2023-11-06T21:00:00-03:00,,Valecard Voucher,013066,646753225,,,88.83,2.8,86.34,,2.49,86.34,0,00 / 00,013998257000126,,Benefício,,,,
EMPRESA MODELO,Valecard,22-09-2023,07-11-2023,2023-11-06T21:00:00-03:00,,Valecard Voucher,013066,646753225,,,88.83,2.8,86.34,,2.49,86.34,0,00 / 00,013998257000126,,Benefício,,,,
EMPRESA MODELO,Valecard,22-09-2023,07-11-2023,2023-11-06T21:00:00-03:00,,Valecard Voucher,022831,646725888,,,216.63,2.8,210.56,,6.07,210.56,0,00 / 00,013998257000126,,Benefício,,,,
EMPRESA MODELO,Valecard,22-09-2023,07-11-2023,2023-11-06T21:00:00-03:00,,Valecard Voucher,022831,646725888,,,216.63,2.8,210.56,,6.07,210.56,0,00 / 00,013998257000126,,Benefício,,,,
EMPRESA MODELO,Valecard,22-09-2023,07-11-2023,2023-11-06T21:00:00-03:00,,Valecard Voucher,025875,646792364,,,388.47,2.8,377.59,,10.88,377.59,0,00 / 00,013998257000126,,Benefício,,,,
EMPRESA MODELO,Valecard,22-09-2023,07-11-2023,2023-11-06T21:00:00-03:00,,Valecard Voucher,025875,646792364,,,388.47,2.8,377.59,,10.88,377.59,0,00 / 00,013998257000126,,Benefício,,,,
EMPRESA MODELO,Valecard,22-09-2023,07-11-2023,2023-11-06T21:00:00-03:00,,Valecard Voucher,033150,646701690,,,72.25,2.8,70.23,,2.02,70.23,0,00 / 00,013998257000126,,Benefício,,,,
EMPRESA MODELO,Valecard,22-09-2023,07-11-2023,2023-11-06T21:00:00-03:00,,Valecard Voucher,033150,646701690,,,72.25,2.8,70.23,,2.02,70.23,0,00 / 00,013998257000126,,Benefício,,,,
EMPRESA MODELO,Valecard,22-09-2023,07-11-2023,2023-11-06T21:00:00-03:00,,Valecard Voucher,040846,646724055,,,784.54,2.8,762.57,,21.97,762.57,0,00 / 00,013998257000126,,Benefício,,,,
EMPRESA MODELO,Valecard,22-09-2023,07-11-2023,2023-11-06T21:00:00-03:00,,Valecard Voucher,040846,646724055,,,784.54,2.8,762.57,,21.97,762.57,0,00 / 00,013998257000126,,Benefício,,,,
EMPRESA MODELO,Valecard,22-09-2023,07-11-2023,2023-11-06T21:00:00-03:00,,Valecard Voucher,047537,646727203,,,375.07,2.8,364.57,,10.5,364.57,0,00 / 00,013998257000126,,Benefício,,,,
EMPRESA MODELO,Valecard,22-09-2023,07-11-2023,2023-11-06T21:00:00-03:00,,Valecard Voucher,047537,646727203,,,375.07,2.8,364.57,,10.5,364.57,0,00 / 00,013998257000126,,Benefício,,,,
EMPRESA MODELO,Valecard,22-09-2023,07-11-2023,2023-11-06T21:00:00-03:00,,Valecard Voucher,057953,646789629,,,1905.45,2.8,1852.1,,53.35,1852.1,0,00 / 00,013998257000126,,Benefício,,,,
EMPRESA MODELO,Valecard,22-09-2023,07-11-2023,2023-11-06T21:00:00-03:00,,Valecard Voucher,057953,646789629,,,1905.45,2.8,1852.1,,53.35,1852.1,0,00 / 00,013998257000126,,Benefício,,,,
EMPRESA MODELO,Valecard,22-09-2023,07-11-2023,2023-11-06T21:00:00-03:00,,Valecard Voucher,058376,646767808,,,192.85,2.8,187.45,,5.4,187.45,0,00 / 00,013998257000126,,Benefício,,,,
EMPRESA MODELO,Valecard,22-09-2023,07-11-2023,2023-11-06T21:00:00-03:00,,Valecard Voucher,058376,646767808,,,192.85,2.8,187.45,,5.4,187.45,0,00 / 00,013998257000126,,Benefício,,,,
EMPRESA MODELO,Valecard,22-09-2023,07-11-2023,2023-11-06T21:00:00-03:00,,Valecard Voucher,064829,646751148,,,213.05,2.8,207.08,,5.97,207.08,0,00 / 00,013998257000126,,Benefício,,,,
EMPRESA MODELO,Valecard,22-09-2023,07-11-2023,2023-11-06T21:00:00-03:00,,Valecard Voucher,064829,646751148,,,213.05,2.8,207.08,,5.97,207.08,0,00 / 00,013998257000126,,Benefício,,,,
EMPRESA MODELO,Valecard,22-09-2023,07-11-2023,2023-11-06T21:00:00-03:00,,Valecard Voucher,069194,646701546,,,2723.22,2.8,2646.97,,76.25,2646.97,0,00 / 00,013998257000126,,Benefício,,,,
EMPRESA MODELO,Valecard,22-09-2023,07-11-2023,2023-11-06T21:00:00-03:00,,Valecard Voucher,069194,646701546,,,2723.22,2.8,2646.97,,76.25,2646.97,0,00 / 00,013998257000126,,Benefício,,,,
EMPRESA MODELO,Valecard,22-09-2023,07-11-2023,2023-11-06T21:00:00-03:00,,Valecard Voucher,076027,646726111,,,244.77,2.8,237.92,,6.85,237.92,0,00 / 00,013998257000126,,Benefício,,,,
EMPRESA MODELO,Valecard,22-09-2023,07-11-2023,2023-11-06T21:00:00-03:00,,Valecard Voucher,076027,646726111,,,244.77,2.8,237.92,,6.85,237.92,0,00 / 00,013998257000126,,Benefício,,,,
EMPRESA MODELO,Valecard,22-09-2023,07-11-2023,2023-11-06T21:00:00-03:00,,Valecard Voucher,083950,646695947,,,910.26,2.8,884.77,,25.49,884.77,0,00 / 00,013998257000126,,Benefício,,,,
EMPRESA MODELO,Valecard,22-09-2023,07-11-2023,2023-11-06T21:00:00-03:00,,Valecard Voucher,083950,646695947,,,910.26,2.8,884.77,,25.49,884.77,0,00 / 00,013998257000126,,Benefício,,,,
EMPRESA MODELO,Valecard,22-09-2023,07-11-2023,2023-11-06T21:00:00-03:00,,Valecard Voucher,089159,646767567,,,2967,2.8,2883.92,,83.08,2883.92,0,00 / 00,013998257000126,,Benefício,,,,
EMPRESA MODELO,Valecard,22-09-2023,07-11-2023,2023-11-06T21:00:00-03:00,,Valecard Voucher,089159,646767567,,,2967,2.8,2883.92,,83.08,2883.92,0,00 / 00,013998257000126,,Benefício,,,,
EMPRESA MODELO,Valecard,22-09-2023,07-11-2023,2023-11-06T21:00:00-03:00,,Valecard Voucher,091432,646762313,,,1935,2.8,1880.82,,54.18,1880.82,0,00 / 00,013998257000126,,Benefício,,,,
EMPRESA MODELO,Valecard,22-09-2023,07-11-2023,2023-11-06T21:00:00-03:00,,Valecard Voucher,091432,646762313,,,1935,2.8,1880.82,,54.18,1880.82,0,00 / 00,013998257000126,,Benefício,,,,
EMPRESA MODELO,Valecard,22-09-2023,07-11-2023,2023-11-06T21:00:00-03:00,,Valecard Voucher,093901,646752112,,,3354.01,2.8,3260.1,,93.91,3260.1,0,00 / 00,013998257000126,,Benefício,,,,
EMPRESA MODELO,Valecard,22-09-2023,07-11-2023,2023-11-06T21:00:00-03:00,,Valecard Voucher,093901,646752112,,,3354.01,2.8,3260.1,,93.91,3260.1,0,00 / 00,013998257000126,,Benefício,,,,
EMPRESA MODELO,Valecard,22-09-2023,07-11-2023,2023-11-06T21:00:00-03:00,,Valecard Voucher,099123,646762705,,,85,2.8,82.62,,2.38,82.62,0,00 / 00,013998257000126,,Benefício,,,,
EMPRESA MODELO,Valecard,22-09-2023,07-11-2023,2023-11-06T21:00:00-03:00,,Valecard Voucher,099123,646762705,,,85,2.8,82.62,,2.38,82.62,0,00 / 00,013998257000126,,Benefício,,,,
EMPRESA MODELO,Sodexo,23-09-2023,27-10-2023,2023-10-26T21:00:00-03:00,,SODEXO REFEICAO,712224,712224,,1,69.44,6.9,64.65,,4.79,64.65,0,00 / 00,033091040000145,,Benefício,,,,
EMPRESA MODELO,Valecard,23-09-2023,07-11-2023,2023-11-06T21:00:00-03:00,,Valecard Voucher,078113,646834314,,,96.05,2.8,93.36,,2.69,93.36,0,00 / 00,013998257000126,,Benefício,,,,
EMPRESA MODELO,Valecard,23-09-2023,07-11-2023,2023-11-06T21:00:00-03:00,,Valecard Voucher,081937,646874568,,,2724.5,2.8,2648.21,,76.29,2648.21,0,00 / 00,013998257000126,,Benefício,,,,
EMPRESA MODELO,Valecard,23-09-2023,07-11-2023,2023-11-06T21:00:00-03:00,,Valecard Voucher,092746,646874728,,,45.33,2.8,44.06,,1.27,44.06,0,00 / 00,013998257000126,,Benefício,,,,
EMPRESA MODELO,Valecard,23-09-2023,07-11-2023,2023-11-06T21:00:00-03:00,,Valecard Voucher,078113,646834314,,,96.05,2.8,93.36,,2.69,93.36,0,00 / 00,013998257000126,,Benefício,,,,
EMPRESA MODELO,Valecard,23-09-2023,07-11-2023,2023-11-06T21:00:00-03:00,,Valecard Voucher,081937,646874568,,,2724.5,2.8,2648.21,,76.29,2648.21,0,00 / 00,013998257000126,,Benefício,,,,
EMPRESA MODELO,Valecard,23-09-2023,07-11-2023,2023-11-06T21:00:00-03:00,,Valecard Voucher,092746,646874728,,,45.33,2.8,44.06,,1.27,44.06,0,00 / 00,013998257000126,,Benefício,,,,
EMPRESA MODELO,Valecard,24-09-2023,21-11-2023,2023-11-20T21:00:00-03:00,,Valecard Voucher,038438,646941272,,,665,2.8,646.38,,18.62,646.38,0,00 / 00,013998257000126,,Benefício,,,,
EMPRESA MODELO,Valecard,24-09-2023,21-11-2023,2023-11-20T21:00:00-03:00,,Valecard Voucher,283880,646917063,,,191.29,2.8,185.93,,5.36,185.93,0,00 / 00,013998257000126,,Benefício,,,,
EMPRESA MODELO,Valecard,25-09-2023,21-11-2023,2023-11-20T21:00:00-03:00,,Valecard Voucher,062661,647056257,,,2001.66,2.8,1945.61,,56.05,1945.61,0,00 / 00,013998257000126,,Benefício,,,,
EMPRESA MODELO,Valecard,25-09-2023,21-11-2023,2023-11-20T21:00:00-03:00,,Valecard Voucher,097713,647056429,,,55.12,2.79,53.58,,1.54,53.58,0,00 / 00,013998257000126,,Benefício,,,,
EMPRESA MODELO,Valecard,25-09-2023,21-11-2023,2023-11-20T21:00:00-03:00,,Valecard Voucher,033936,647039412,,,566.14,2.8,550.29,,15.85,550.29,0,00 / 00,013998257000126,,Benefício,,,,
EMPRESA MODELO,Valecard,25-09-2023,21-11-2023,2023-11-20T21:00:00-03:00,,Valecard Voucher,030614,647004633,,,203.67,2.8,197.97,,5.7,197.97,0,00 / 00,013998257000126,,Benefício,,,,
EMPRESA MODELO,Valecard,25-09-2023,21-11-2023,2023-11-20T21:00:00-03:00,,Valecard Voucher,030614,647004633,,,203.67,2.8,197.97,,5.7,197.97,0,00 / 00,013998257000126,,Benefício,,,,
EMPRESA MODELO,Valecard,25-09-2023,21-11-2023,2023-11-20T21:00:00-03:00,,Valecard Voucher,033936,647039412,,,566.14,2.8,550.29,,15.85,550.29,0,00 / 00,013998257000126,,Benefício,,,,
EMPRESA MODELO,Valecard,25-09-2023,21-11-2023,2023-11-20T21:00:00-03:00,,Valecard Voucher,062661,647056257,,,2001.66,2.8,1945.61,,56.05,1945.61,0,00 / 00,013998257000126,,Benefício,,,,
EMPRESA MODELO,Valecard,25-09-2023,21-11-2023,2023-11-20T21:00:00-03:00,,Valecard Voucher,097713,647056429,,,55.12,2.79,53.58,,1.54,53.58,0,00 / 00,013998257000126,,Benefício,,,,
EMPRESA MODELO,Valecard,26-09-2023,21-11-2023,2023-11-20T21:00:00-03:00,,Valecard Voucher,066950,647085241,,,2140.78,2.8,2080.84,,59.94,2080.84,0,00 / 00,013998257000126,,Benefício,,,,
EMPRESA MODELO,Valecard,26-09-2023,21-11-2023,2023-11-20T21:00:00-03:00,,Valecard Voucher,052837,647147397,,,1890.04,2.8,1837.12,,52.92,1837.12,0,00 / 00,013998257000126,,Benefício,,,,
EMPRESA MODELO,Valecard,26-09-2023,21-11-2023,2023-11-20T21:00:00-03:00,,Valecard Voucher,077262,647147571,,,85,2.8,82.62,,2.38,82.62,0,00 / 00,013998257000126,,Benefício,,,,
EMPRESA MODELO,Valecard,26-09-2023,21-11-2023,2023-11-20T21:00:00-03:00,,Valecard Voucher,062281,647149204,,,265.58,2.8,258.14,,7.44,258.14,0,00 / 00,013998257000126,,Benefício,,,,
EMPRESA MODELO,Valecard,26-09-2023,21-11-2023,2023-11-20T21:00:00-03:00,,Valecard Voucher,022545,647163692,,,257.2,2.8,250,,7.2,250,0,00 / 00,013998257000126,,Benefício,,,,
EMPRESA MODELO,Valecard,26-09-2023,21-11-2023,2023-11-20T21:00:00-03:00,,Valecard Voucher,019251,647176483,,,1089.04,2.8,1058.55,,30.49,1058.55,0,00 / 00,013998257000126,,Benefício,,,,
EMPRESA MODELO,Comprocard,26-09-2023,30-10-2023,2023-10-29T21:00:00-03:00,,Comprocard Crédito,675575,65843436,,,2.49,8.03,2.29,,0.2,2.29,0,00 / 00,033091040000145,,Crédito a Vista,,,,
EMPRESA MODELO,Comprocard,26-09-2023,30-10-2023,2023-10-29T21:00:00-03:00,,Comprocard Crédito,096115,65847247,,,255.15,7.9,234.99,,20.16,234.99,0,00 / 00,033091040000145,,Crédito a Vista,,,,
EMPRESA MODELO,Comprocard,26-09-2023,30-10-2023,2023-10-29T21:00:00-03:00,,Comprocard Crédito,506015,60933392,,,12.71,5.9,11.96,,0.75,0,0,00 / 00,033090890000129,,Crédito a Vista,,,,
EMPRESA MODELO,Valecard,27-09-2023,28-11-2023,2023-11-27T21:00:00-03:00,,Valecard Voucher,416910,647201553,,,90,2.8,87.48,,2.52,87.48,0,00 / 00,013998257000126,,Benefício,,,,
EMPRESA MODELO,Valecard,27-09-2023,21-11-2023,2023-11-20T21:00:00-03:00,,Valecard Voucher,070699,647209374,,,543.66,2.8,528.44,,15.22,528.44,0,00 / 00,013998257000126,,Benefício,,,,
EMPRESA MODELO,Valecard,28-09-2023,21-11-2023,2023-11-20T21:00:00-03:00,,Valecard Voucher,044064,647284003,,,1999.66,2.8,1943.67,,55.99,1943.67,0,00 / 00,013998257000126,,Benefício,,,,
EMPRESA MODELO,Valecard,28-09-2023,21-11-2023,2023-11-20T21:00:00-03:00,,Valecard Voucher,096093,647344968,,,239.67,2.8,232.96,,6.71,232.96,0,00 / 00,013998257000126,,Benefício,,,,
EMPRESA MODELO,Valecard,28-09-2023,21-11-2023,2023-11-20T21:00:00-03:00,,Valecard Voucher,067841,647365144,,,56.54,2.79,54.96,,1.58,54.96,0,00 / 00,013998257000126,,Benefício,,,,
EMPRESA MODELO,Valecard,28-09-2023,21-11-2023,2023-11-20T21:00:00-03:00,,Valecard Voucher,044064,647284003,,,1999.66,2.8,1943.67,,55.99,1943.67,0,00 / 00,013998257000126,,Benefício,,,,
EMPRESA MODELO,Valecard,28-09-2023,21-11-2023,2023-11-20T21:00:00-03:00,,Valecard Voucher,067841,647365144,,,56.54,2.79,54.96,,1.58,54.96,0,00 / 00,013998257000126,,Benefício,,,,
EMPRESA MODELO,Valecard,28-09-2023,21-11-2023,2023-11-20T21:00:00-03:00,,Valecard Voucher,096093,647344968,,,239.67,2.8,232.96,,6.71,232.96,0,00 / 00,013998257000126,,Benefício,,,,
EMPRESA MODELO,Valecard,29-09-2023,21-11-2023,2023-11-20T21:00:00-03:00,,Valecard Voucher,025176,647388484,,,229.9,2.8,223.46,,6.44,223.46,0,00 / 00,013998257000126,,Benefício,,,,
EMPRESA MODELO,Valecard,29-09-2023,21-11-2023,2023-11-20T21:00:00-03:00,,Valecard Voucher,048454,647405649,,,52.63,2.79,51.16,,1.47,51.16,0,00 / 00,013998257000126,,Benefício,,,,
EMPRESA MODELO,Valecard,29-09-2023,21-11-2023,2023-11-20T21:00:00-03:00,,Valecard Voucher,038333,647496767,,,150,2.8,145.8,,4.2,145.8,0,00 / 00,013998257000126,,Benefício,,,,
EMPRESA MODELO,Valecard,29-09-2023,21-11-2023,2023-11-20T21:00:00-03:00,,Valecard Voucher,012258,647449921,,,644.95,2.8,626.89,,18.06,626.89,0,00 / 00,013998257000126,,Benefício,,,,
EMPRESA MODELO,Valecard,29-09-2023,21-11-2023,2023-11-20T21:00:00-03:00,,Valecard Voucher,012258,647449921,,,644.95,2.8,626.89,,18.06,626.89,0,00 / 00,013998257000126,,Benefício,,,,
EMPRESA MODELO,Valecard,29-09-2023,21-11-2023,2023-11-20T21:00:00-03:00,,Valecard Voucher,025176,647388484,,,229.9,2.8,223.46,,6.44,223.46,0,00 / 00,013998257000126,,Benefício,,,,
EMPRESA MODELO,Valecard,29-09-2023,21-11-2023,2023-11-20T21:00:00-03:00,,Valecard Voucher,038333,647496767,,,150,2.8,145.8,,4.2,145.8,0,00 / 00,013998257000126,,Benefício,,,,
EMPRESA MODELO,Valecard,29-09-2023,21-11-2023,2023-11-20T21:00:00-03:00,,Valecard Voucher,048454,647405649,,,52.63,2.79,51.16,,1.47,51.16,0,00 / 00,013998257000126,,Benefício,,,,
EMPRESA MODELO,Ticket,29-09-2023,06-11-2023,2023-11-05T21:00:00-03:00,,TICKET REFEICAO,923735,923735,,199798858,0.01,0,0.01,,0,0.01,0,00 / 00,000000080683312,,Benefício,,,,
EMPRESA MODELO,Valecard,30-09-2023,21-11-2023,2023-11-20T21:00:00-03:00,,Valecard Voucher,035556,647581412,,,234.85,2.8,228.27,,6.58,228.27,0,00 / 00,013998257000126,,Benefício,,,,
EMPRESA MODELO,Valecard,30-09-2023,21-11-2023,2023-11-20T21:00:00-03:00,,Valecard Voucher,032017,647534278,,,131.73,2.8,128.04,,3.69,128.04,0,00 / 00,013998257000126,,Benefício,,,,
EMPRESA MODELO,Valecard,30-09-2023,21-11-2023,2023-11-20T21:00:00-03:00,,Valecard Voucher,012566,647534234,,,3711.94,2.8,3608.01,,103.93,3608.01,0,00 / 00,013998257000126,,Benefício,,,,
EMPRESA MODELO,Valecard,30-09-2023,21-11-2023,2023-11-20T21:00:00-03:00,,Valecard Voucher,057240,647533573,,,546.52,2.8,531.22,,15.3,531.22,0,00 / 00,013998257000126,,Benefício,,,,
EMPRESA MODELO,Valecard,30-09-2023,21-11-2023,2023-11-20T21:00:00-03:00,,Valecard Voucher,012566,647534234,,,3711.94,2.8,3608.01,,103.93,3608.01,0,00 / 00,013998257000126,,Benefício,,,,
EMPRESA MODELO,Valecard,30-09-2023,21-11-2023,2023-11-20T21:00:00-03:00,,Valecard Voucher,032017,647534278,,,131.73,2.8,128.04,,3.69,128.04,0,00 / 00,013998257000126,,Benefício,,,,
EMPRESA MODELO,Valecard,30-09-2023,21-11-2023,2023-11-20T21:00:00-03:00,,Valecard Voucher,035556,647581412,,,234.85,2.8,228.27,,6.58,228.27,0,00 / 00,013998257000126,,Benefício,,,,
EMPRESA MODELO,Valecard,30-09-2023,21-11-2023,2023-11-20T21:00:00-03:00,,Valecard Voucher,057240,647533573,,,546.52,2.8,531.22,,15.3,531.22,0,00 / 00,013998257000126,,Benefício,,,,
,,,,,,,,,,,"R$ 201.035,48",,"R$ 194.974,15","R$ 0,00","R$ 6.061,32","R$ 194.842,58","R$ 0,00",,,,,,,"R$ 0,00","R$ 0,00"