Empresa,Adquirente,Produto,Venda,Cancelamento,Previsão Pagto,Bruto,Taxa,Valor Taxa,Líquido,Autorização,NSU,RO,Cartão,Parcelas,Estabelecimento,Domicílio Bancário,Terminal,Rejeitado,Observação,Hora Transação,Modalidade,Pagamento,Valor Pago,Outras Despesas,Cartão Estrangeiro,Turno
EMPRESA MODELO,Ticket,TICKET ALIMENTACAO,01-09-2023,,04-10-2023,0.99,6.06,0.06,0.93,730339,730339,198834688,602651********22187,00 / 00,000000080683312,001 / 3790 / 1355910,Não Informado,false,Venda Realizada Via Redecard,19:26:51,Benefício,,,,false,1° 08 - 12
EMPRESA MODELO,Comprocard,Comprocard Crédito,01-09-2023,,30-10-2023,15.21,7.89,1.2,14.01,784405,60265863,,000639233******6298,00 / 00,033091040000145,001 / 037907 / 1355910,Não Informado,false,,08:43:18,Crédito a Vista,2023-10-29T21:00:00-03:00,14.01,,false,
EMPRESA MODELO,Comprocard,Comprocard Crédito,01-09-2023,,30-10-2023,66.33,7.9,5.24,61.09,052061,65152731,,000639233******3801,00 / 00,033091040000145,001 / 037907 / 1355910,Não Informado,false,,15:04:59,Crédito a Vista,2023-10-29T21:00:00-03:00,61.09,,false,1° 08 - 12
EMPRESA MODELO,Valecard,Valecard Voucher,01-09-2023,,17-10-2023,414.38,2.8,11.6,402.78,098238,644406019,,0606458********1500,00 / 00,013998257000126,237 / 30457 / 105546,Não Informado,false,,16:58:25,Benefício,2023-10-16T21:00:00-03:00,402.78,,false,1° 08 - 12
EMPRESA MODELO,Ticket,TICKET REFEICAO,01-09-2023,,09-10-2023,150,6,9,141,497698,497698,198834687,603342********12567,00 / 00,000000080683312,001 / 3790 / 1355910,Não Informado,false,Venda Realizada Via Redecard,08:06:28,Benefício,2023-10-08T21:00:00-03:00,141,,false,
EMPRESA MODELO,Ticket,Ticket Flex,01-09-2023,,06-10-2023,44.26,6.01,2.66,41.6,738983,738983,198708860,603340********37235,00 / 00,000000080683215,001 / 3790 / 1355953,Não Informado,false,Venda Realizada Via Redecard,19:30:28,Benefício,2023-10-05T21:00:00-03:00,41.6,,false,1° 08 - 12
EMPRESA MODELO,Ticket,Ticket Flex,01-09-2023,,06-10-2023,301.1,6,18.07,283.03,667319,667319,198708860,603340********64943,00 / 00,000000080683215,001 / 3790 / 1355953,Não Informado,false,Venda Realizada Via Redecard,10:19:45,Benefício,2023-10-05T21:00:00-03:00,283.03,,false,
EMPRESA MODELO,Ticket,Ticket Flex,01-09-2023,,06-10-2023,125.64,6,7.54,118.1,671734,671734,198708860,603340********64943,00 / 00,000000080683215,001 / 3790 / 1355953,Não Informado,false,Venda Realizada Via Redecard,10:23:12,Benefício,2023-10-05T21:00:00-03:00,118.1,,false,
EMPRESA MODELO,Ticket,Ticket Flex,01-09-2023,,06-10-2023,135.61,6,8.14,127.47,690888,690888,198708860,603340********16659,00 / 00,000000080683215,001 / 3790 / 1355953,Não Informado,false,Venda Realizada Via Redecard,19:10:43,Benefício,2023-10-05T21:00:00-03:00,127.47,,false,1° 08 - 12
EMPRESA MODELO,Comprocard,Comprocard Crédito,02-09-2023,,30-10-2023,4.79,5.85,0.28,4.51,545462,65200070,,000639233******6085,00 / 00,033090890000129,001 / 037907 / 1355953,Não Informado,false,,14:04:30,Crédito a Vista,,,,false,1° 08 - 12
EMPRESA MODELO,Ticket,TICKET ALIMENTACAO,02-09-2023,,04-10-2023,5.67,6,0.34,5.33,082600,82600,198834688,602651********27617,00 / 00,000000080683312,001 / 3790 / 1355910,Não Informado,false,Venda Realizada Via Redecard,17:39:15,Benefício,,,,false,1° 08 - 12
EMPRESA MODELO,Comprocard,Comprocard Crédito,02-09-2023,,30-10-2023,9.59,5.94,0.57,9.02,929035,65193162,,000639233******3745,00 / 00,033090890000129,001 / 037907 / 1355953,Não Informado,false,,12:13:05,Crédito a Vista,,,,false,
EMPRESA MODELO,Sodexo,SODEXO REFEICAO,02-09-2023,,06-10-2023,15.52,6.89,1.07,14.45,709639,709639,1,606071****945053000,00 / 00,033090890000129,001 / 3790 / 1355953,00000000,false,,17:54:35,Benefício,2023-10-05T21:00:00-03:00,14.45,,false,1° 08 - 12
EMPRESA MODELO,Valecard,Valecard Voucher,02-09-2023,,17-10-2023,2540.61,2.8,71.14,2469.47,016956,644475732,,0606458********6712,00 / 00,013998257000126,237 / 30457 / 105546,Não Informado,false,,08:06:49,Benefício,2023-10-16T21:00:00-03:00,2469.47,,false,
EMPRESA MODELO,Valecard,Valecard Voucher,02-09-2023,,17-10-2023,74.65,2.8,2.09,72.56,044548,644475946,,0606458********6712,00 / 00,013998257000126,237 / 30457 / 105546,Não Informado,false,,08:08:29,Benefício,2023-10-16T21:00:00-03:00,72.56,,false,
EMPRESA MODELO,Valecard,Valecard Voucher,02-09-2023,,17-10-2023,237.32,2.8,6.64,230.68,045169,644489736,,0606458********3701,00 / 00,013998257000126,237 / 30457 / 105546,Não Informado,false,,09:36:41,Benefício,2023-10-16T21:00:00-03:00,230.68,,false,
EMPRESA MODELO,Valecard,Valecard Voucher,02-09-2023,,17-10-2023,259.39,2.8,7.26,252.13,040010,644496451,,0606458********5644,00 / 00,013998257000126,237 / 30457 / 105546,Não Informado,false,,10:11:21,Benefício,2023-10-16T21:00:00-03:00,252.13,,false,
EMPRESA MODELO,Valecard,Valecard Voucher,02-09-2023,,17-10-2023,2101.06,2.8,58.83,2042.23,057977,644515254,,0606458********0260,00 / 00,013998257000126,237 / 30457 / 105546,Não Informado,false,,11:37:07,Benefício,2023-10-16T21:00:00-03:00,2042.23,,false,
EMPRESA MODELO,Valecard,Valecard Voucher,02-09-2023,,17-10-2023,105.44,2.8,2.95,102.49,065530,644515605,,0606458********0260,00 / 00,013998257000126,237 / 30457 / 105546,Não Informado,false,,11:38:35,Benefício,2023-10-16T21:00:00-03:00,102.49,,false,
EMPRESA MODELO,Valecard,Valecard Voucher,02-09-2023,,17-10-2023,249.16,2.8,6.98,242.18,044068,644518059,,0606458********0666,00 / 00,013998257000126,237 / 30457 / 105546,Não Informado,false,,11:49:52,Benefício,2023-10-16T21:00:00-03:00,242.18,,false,
EMPRESA MODELO,Valecard,Valecard Voucher,02-09-2023,,17-10-2023,451.47,2.8,12.64,438.83,046911,644549138,,0606458********7494,00 / 00,013998257000126,237 / 30457 / 105546,Não Informado,false,,14:42:51,Benefício,2023-10-16T21:00:00-03:00,438.83,,false,1° 08 - 12
EMPRESA MODELO,VR,VR REFEICAO,02-09-2023,,03-10-2023,282,6.85,19.32,262.68,304643,17117,,000637036******7644,00 / 00,033091040000145,001 / 3790 / 1355910,Não Informado,false,,12:33:04,Benefício,2023-10-02T21:00:00-03:00,262.68,,false,
EMPRESA MODELO,Ticket,TICKET ALIMENTACAO,02-09-2023,,04-10-2023,42.71,5.99,2.56,40.15,056181,56181,198861928,602651********64973,00 / 00,000000080683215,001 / 3790 / 1355953,Não Informado,false,Venda Realizada Via Redecard,07:45:06,Benefício,2023-10-03T21:00:00-03:00,40.15,,false,
EMPRESA MODELO,Ticket,Ticket Flex,02-09-2023,,06-10-2023,5.31,6.03,0.32,4.99,080798,80798,198708860,603340********03679,00 / 00,000000080683215,001 / 3790 / 1355953,Não Informado,false,Venda Realizada Via Redecard,08:14:42,Benefício,2023-10-05T21:00:00-03:00,4.99,,false,
EMPRESA MODELO,Ticket,Ticket Flex,02-09-2023,,06-10-2023,20.45,6.01,1.23,19.22,197591,197591,198708860,603340********64943,00 / 00,000000080683215,001 / 3790 / 1355953,Não Informado,false,Venda Realizada Via Redecard,09:44:26,Benefício,2023-10-05T21:00:00-03:00,19.22,,false,
EMPRESA MODELO,Ticket,Ticket Flex,02-09-2023,,06-10-2023,19.98,6.01,1.2,18.78,305442,305442,198708860,603340********11080,00 / 00,000000080683215,001 / 3790 / 1355953,Não Informado,false,Venda Realizada Via Redecard,10:46:54,Benefício,2023-10-05T21:00:00-03:00,18.78,,false,
EMPRESA MODELO,Ticket,Ticket Flex,02-09-2023,,06-10-2023,27.71,5.99,1.66,26.05,532677,532677,198708860,603340********51805,00 / 00,000000080683215,001 / 3790 / 1355953,Não Informado,false,Venda Realizada Via Redecard,12:35:17,Benefício,2023-10-05T21:00:00-03:00,26.05,,false,
EMPRESA MODELO,Green Card,Green Card Débito,02-09-2023,,04-10-2023,101.37,6.8,6.89,94.48,673896,673896,72,637456******3012000,00 / 00,000000001438301,341 / 5929 / 11364,Não Informado,false,,00:00:00,Débito,2023-10-03T21:00:00-03:00,94.48,,false,
EMPRESA MODELO,Sodexo,SODEXO REFEICAO,03-09-2023,,06-10-2023,0.01,0,0,0.01,412147,412147,1,606071****748224000,00 / 00,033091040000145,001 / 3790 / 135591X,00000000,false,,08:48:32,Benefício,2023-10-26T21:00:00-03:00,0.01,,false,
EMPRESA MODELO,UpBrasil,UpBrasil Convênio,03-09-2023,,20-10-2023,42.24,5,2.11,40.13,739143,243042233,30923001,308345******3345   ,00 / 00,000000007815071,001 / 037907 / 00001355910,Não Informado,false,,12:27:39,Benefício,2023-10-19T21:00:00-03:00,40.13,,false,
EMPRESA MODELO,Comprocard,Comprocard Crédito,03-09-2023,,30-10-2023,35.8,7.91,2.83,32.97,915571,65225709,,000639233******3031,00 / 00,033091040000145,001 / 037907 / 1355910,Não Informado,false,,08:35:26,Crédito a Vista,2023-10-29T21:00:00-03:00,32.97,,false,
EMPRESA MODELO,Comprocard,Comprocard Crédito,03-09-2023,,30-10-2023,98.35,7.9,7.77,90.58,844041,65235207,,000639233******3031,00 / 00,033091040000145,001 / 037907 / 1355910,Não Informado,false,,12:08:32,Crédito a Vista,2023-10-29T21:00:00-03:00,90.58,,false,
EMPRESA MODELO,Green Card,Green Card Débito,03-09-2023,,04-10-2023,43.92,6.8,2.99,40.93,712397,712397,72,637456******3013000,00 / 00,000000001438301,341 / 5929 / 11364,Não Informado,false,,00:00:00,Débito,2023-10-03T21:00:00-03:00,40.93,,false,
EMPRESA MODELO,Ticket,TICKET REFEICAO,03-09-2023,,09-10-2023,0.01,0,0,0.01,852814,852814,198834687,603342********56119,00 / 00,000000080683312,001 / 3790 / 1355910,Não Informado,false,Venda Realizada Via Redecard,11:46:29,Benefício,2023-10-08T21:00:00-03:00,0.01,,false,
EMPRESA MODELO,Ticket,Ticket Flex,03-09-2023,,06-10-2023,19.86,5.99,1.19,18.67,755062,755062,198708860,603340********60813,00 / 00,000000080683215,001 / 3790 / 1355953,Não Informado,false,Venda Realizada Via Redecard,10:59:31,Benefício,2023-10-05T21:00:00-03:00,18.67,,false,
EMPRESA MODELO,Ticket,Ticket Flex,03-09-2023,,06-10-2023,59.14,6,3.55,55.59,703038,703038,198708860,603340********47400,00 / 00,000000080683215,001 / 3790 / 1355953,Não Informado,false,Venda Realizada Via Redecard,10:31:54,Benefício,2023-10-05T21:00:00-03:00,55.59,,false,
EMPRESA MODELO,Ticket,Ticket Flex,03-09-2023,,06-10-2023,50.96,6,3.06,47.9,492916,492916,198708860,603340********21783,00 / 00,000000080683215,001 / 3790 / 1355953,Não Informado,false,Venda Realizada Via Redecard,07:15:37,Benefício,2023-10-05T21:00:00-03:00,47.9,,false,
EMPRESA MODELO,Ticket,Ticket Flex,03-09-2023,,06-10-2023,32.89,5.99,1.97,30.92,701726,701726,198708860,603340********68429,00 / 00,000000080683215,001 / 3790 / 1355953,Não Informado,false,Venda Realizada Via Redecard,10:31:11,Benefício,2023-10-05T21:00:00-03:00,30.92,,false,
EMPRESA MODELO,Ticket,TICKET ALIMENTACAO,03-09-2023,,11-10-2023,30.92,6.02,1.86,29.06,946374,946374,198875607,602651********61554,00 / 00,000000080683215,001 / 3790 / 1355953,Não Informado,false,Venda Realizada Via Redecard,12:31:53,Benefício,2023-10-10T21:00:00-03:00,29.06,,false,
EMPRESA MODELO,UpBrasil,UpBrasil Convênio,04-09-2023,,20-10-2023,31.95,5.01,1.6,30.35,729683,243094375,40923001,308345******2440   ,00 / 00,000000007815071,001 / 037907 / 00001355910,Não Informado,false,,18:47:29,Benefício,2023-10-19T21:00:00-03:00,30.35,,false,1° 08 - 12
EMPRESA MODELO,Valecard,Valecard Voucher,04-09-2023,,24-10-2023,992.54,2.8,27.79,964.75,062523,644751099,,0606458********9529,00 / 00,013998257000126,237 / 30457 / 105546,Não Informado,false,,11:29:14,Benefício,2023-10-23T21:00:00-03:00,964.75,,false,
EMPRESA MODELO,Valecard,Valecard Voucher,04-09-2023,,24-10-2023,533.8,2.8,14.95,518.85,037300,644806181,,0606458********9480,00 / 00,013998257000126,237 / 30457 / 105546,Não Informado,false,,17:48:43,Benefício,2023-10-23T21:00:00-03:00,518.85,,false,1° 08 - 12
EMPRESA MODELO,Valecard,Valecard Voucher,04-09-2023,,24-10-2023,1120.49,2.8,31.37,1089.12,057238,644815274,,0606458********6320,00 / 00,013998257000126,237 / 30457 / 105546,Não Informado,false,,18:37:12,Benefício,2023-10-23T21:00:00-03:00,1089.12,,false,1° 08 - 12
EMPRESA MODELO,Valecard,Valecard Voucher,04-09-2023,,24-10-2023,3550.65,2.8,99.42,3451.23,039283,644825283,,0606458********0270,00 / 00,013998257000126,237 / 30457 / 105546,Não Informado,false,,19:37:22,Benefício,2023-10-23T21:00:00-03:00,3451.23,,false,1° 08 - 12
EMPRESA MODELO,Ticket,Ticket Flex,04-09-2023,,06-10-2023,15.9,5.97,0.95,14.95,037505,37505,198708860,603340********60797,00 / 00,000000080683215,001 / 3790 / 1355953,Não Informado,false,Venda Realizada Via Redecard,16:20:01,Benefício,2023-10-05T21:00:00-03:00,14.95,,false,1° 08 - 12
EMPRESA MODELO,Ticket,Ticket Flex,04-09-2023,,06-10-2023,55.19,6,3.31,51.88,053334,53334,198708860,603340********60797,00 / 00,000000080683215,001 / 3790 / 1355953,Não Informado,false,Venda Realizada Via Redecard,16:34:11,Benefício,2023-10-05T21:00:00-03:00,51.88,,false,1° 08 - 12
EMPRESA MODELO,Ticket,Ticket Flex,04-09-2023,,06-10-2023,5.8,6.03,0.35,5.45,509142,509142,198708860,603340********03679,00 / 00,000000080683215,001 / 3790 / 1355953,Não Informado,false,Venda Realizada Via Redecard,09:08:05,Benefício,2023-10-05T21:00:00-03:00,5.45,,false,
EMPRESA MODELO,Ticket,Ticket Flex,04-09-2023,,06-10-2023,3.99,6.02,0.24,3.75,029104,29104,198708860,603340********89666,00 / 00,000000080683215,001 / 3790 / 1355953,Não Informado,false,Venda Realizada Via Redecard,16:12:13,Benefício,2023-10-05T21:00:00-03:00,3.75,,false,1° 08 - 12
EMPRESA MODELO,Ticket,Ticket Flex,04-09-2023,,06-10-2023,20.25,5.98,1.21,19.04,451513,451513,198708860,603340********36716,00 / 00,000000080683215,001 / 3790 / 1355953,Não Informado,false,Venda Realizada Via Redecard,07:57:10,Benefício,2023-10-05T21:00:00-03:00,19.04,,false,
EMPRESA MODELO,Ticket,Ticket Flex,04-09-2023,,06-10-2023,52.24,5.99,3.13,49.11,334454,334454,198708860,603340********11056,00 / 00,000000080683215,001 / 3790 / 1355953,Não Informado,false,Venda Realizada Via Redecard,19:27:12,Benefício,2023-10-05T21:00:00-03:00,49.11,,false,1° 08 - 12
EMPRESA MODELO,Ticket,Ticket Flex,04-09-2023,,06-10-2023,12.67,6,0.76,11.91,341919,341919,198708860,603340********36716,00 / 00,000000080683215,001 / 3790 / 1355953,Não Informado,false,Venda Realizada Via Redecard,19:31:44,Benefício,2023-10-05T21:00:00-03:00,11.91,,false,1° 08 - 12
EMPRESA MODELO,Comprocard,Comprocard Crédito,05-09-2023,,30-10-2023,7.76,5.93,0.46,7.3,746252,65273660,,000639233******4479,00 / 00,033090890000129,001 / 037907 / 1355953,Não Informado,false,,08:04:34,Crédito a Vista,,,,false,
EMPRESA MODELO,Comprocard,Comprocard Crédito,05-09-2023,,30-10-2023,33,5.91,1.95,31.05,184768,65282079,,000639233******8136,00 / 00,033090890000129,001 / 037907 / 1355953,Não Informado,false,,12:36:45,Crédito a Vista,,,,false,
EMPRESA MODELO,Comprocard,Comprocard Crédito,05-09-2023,,30-10-2023,1,8,0.08,0.92,372207,60421672,,000639233******3031,00 / 00,033091040000145,001 / 037907 / 1355910,Não Informado,false,,18:52:33,Crédito a Vista,2023-10-29T21:00:00-03:00,0.92,,false,1° 08 - 12
EMPRESA MODELO,Valecard,Valecard Voucher,05-09-2023,,24-10-2023,3276.42,2.8,91.74,3184.68,062377,644902936,,0606458********3260,00 / 00,013998257000126,237 / 30457 / 105546,Não Informado,false,,14:09:57,Benefício,2023-10-23T21:00:00-03:00,3184.68,,false,1° 08 - 12
EMPRESA MODELO,Valecard,Valecard Voucher,05-09-2023,,24-10-2023,184.76,2.8,5.17,179.59,092383,644903138,,0606458********3260,00 / 00,013998257000126,237 / 30457 / 105546,Não Informado,false,,14:11:35,Benefício,2023-10-23T21:00:00-03:00,179.59,,false,1° 08 - 12
EMPRESA MODELO,Ticket,TICKET ALIMENTACAO,05-09-2023,,11-10-2023,126.85,6,7.61,119.24,807849,807849,198875607,602651********69456,00 / 00,000000080683215,001 / 3790 / 1355953,Não Informado,false,Venda Realizada Via Redecard,12:10:32,Benefício,2023-10-10T21:00:00-03:00,119.24,,false,
EMPRESA MODELO,Ticket,Ticket Flex,05-09-2023,,06-10-2023,6.57,5.94,0.39,6.18,563871,563871,198708860,603340********03679,00 / 00,000000080683215,001 / 3790 / 1355953,Não Informado,false,Venda Realizada Via Redecard,08:15:46,Benefício,2023-10-05T21:00:00-03:00,6.18,,false,
EMPRESA MODELO,Ticket,Ticket Flex,05-09-2023,,06-10-2023,14.76,6.03,0.89,13.87,890867,890867,198708860,603340********89542,00 / 00,000000080683215,001 / 3790 / 1355953,Não Informado,false,Venda Realizada Via Redecard,12:46:14,Benefício,2023-10-05T21:00:00-03:00,13.87,,false,
EMPRESA MODELO,Ticket,Ticket Flex,05-09-2023,,06-10-2023,10.44,6.03,0.63,9.81,898251,898251,198708860,603340********89575,00 / 00,000000080683215,001 / 3790 / 1355953,Não Informado,false,Venda Realizada Via Redecard,12:49:06,Benefício,2023-10-05T21:00:00-03:00,9.81,,false,
EMPRESA MODELO,Ticket,Ticket Flex,05-09-2023,,06-10-2023,70.79,6,4.25,66.54,359132,359132,198708860,603340********89658,00 / 00,000000080683215,001 / 3790 / 1355953,Não Informado,false,Venda Realizada Via Redecard,18:12:10,Benefício,2023-10-05T21:00:00-03:00,66.54,,false,1° 08 - 12
EMPRESA MODELO,Ticket,Ticket Flex,05-09-2023,,06-10-2023,5.32,6.02,0.32,5,892883,892883,198708860,603340********89666,00 / 00,000000080683215,001 / 3790 / 1355953,Não Informado,false,Venda Realizada Via Redecard,12:47:02,Benefício,2023-10-05T21:00:00-03:00,5,,false,
EMPRESA MODELO,Ticket,Ticket Flex,05-09-2023,,06-10-2023,3.89,5.91,0.23,3.66,904415,904415,198708860,603340********89666,00 / 00,000000080683215,001 / 3790 / 1355953,Não Informado,false,Venda Realizada Via Redecard,12:51:31,Benefício,2023-10-05T21:00:00-03:00,3.66,,false,
EMPRESA MODELO,Ticket,Ticket Flex,05-09-2023,,06-10-2023,91.08,5.99,5.46,85.62,961584,961584,198708860,603340********89716,00 / 00,000000080683215,001 / 3790 / 1355953,Não Informado,false,Venda Realizada Via Redecard,13:14:42,Benefício,2023-10-05T21:00:00-03:00,85.62,,false,1° 08 - 12
EMPRESA MODELO,Ticket,Ticket Flex,05-09-2023,,06-10-2023,15.36,5.99,0.92,14.44,501875,501875,198708860,603340********36716,00 / 00,000000080683215,001 / 3790 / 1355953,Não Informado,false,Venda Realizada Via Redecard,06:43:07,Benefício,2023-10-05T21:00:00-03:00,14.44,,false,
EMPRESA MODELO,Ticket,Ticket Flex,05-09-2023,,06-10-2023,413.18,6,24.79,388.39,614707,614707,198708860,603340********36716,00 / 00,000000080683215,001 / 3790 / 1355953,Não Informado,false,Venda Realizada Via Redecard,09:10:13,Benefício,2023-10-05T21:00:00-03:00,388.39,,false,
EMPRESA MODELO,Ticket,Ticket Flex,05-09-2023,,06-10-2023,45.84,6,2.75,43.09,623118,623118,198708860,603340********11098,00 / 00,000000080683215,001 / 3790 / 1355953,Não Informado,false,Venda Realizada Via Redecard,09:19:14,Benefício,2023-10-05T21:00:00-03:00,43.09,,false,
EMPRESA MODELO,Comprocard,Comprocard Crédito,06-09-2023,,30-10-2023,25.47,5.89,1.5,23.97,031020,65302356,,000639233******9608,00 / 00,033090890000129,001 / 037907 / 1355953,Não Informado,false,,08:03:33,Crédito a Vista,,,,false,
EMPRESA MODELO,UpBrasil,UpBrasil Convênio,06-09-2023,,20-10-2023,26.42,7.38,1.95,24.47,759877,243205964,60923001,308345******0245   ,00 / 00,000000007815066,341 / 059290 / 00000113644,Não Informado,false,,20:07:59,Benefício,2023-10-19T21:00:00-03:00,24.47,,false,1° 08 - 12
EMPRESA MODELO,Valecard,Valecard Voucher,06-09-2023,,24-10-2023,631.68,2.8,17.69,613.99,061909,645025576,,0606458********9480,00 / 00,013998257000126,237 / 30457 / 105546,Não Informado,false,,12:26:34,Benefício,2023-10-23T21:00:00-03:00,613.99,,false,
EMPRESA MODELO,Valecard,Valecard Voucher,06-09-2023,,24-10-2023,668.53,2.8,18.72,649.81,071969,645031486,,0606458********6320,00 / 00,013998257000126,237 / 30457 / 105546,Não Informado,false,,13:08:31,Benefício,2023-10-23T21:00:00-03:00,649.81,,false,
EMPRESA MODELO,Valecard,Valecard Voucher,06-09-2023,,24-10-2023,855.44,2.8,23.95,831.49,011667,645036148,,0606458********1590,00 / 00,013998257000126,237 / 30457 / 105546,Não Informado,false,,13:43:11,Benefício,2023-10-23T21:00:00-03:00,831.49,,false,1° 08 - 12
EMPRESA MODELO,Valecard,Valecard Voucher,06-09-2023,,24-10-2023,1645.68,2.8,46.08,1599.6,081041,645084144,,0606458********6650,00 / 00,013998257000126,237 / 30457 / 105546,Não Informado,false,,18:34:19,Benefício,2023-10-23T21:00:00-03:00,1599.6,,false,1° 08 - 12
EMPRESA MODELO,Valecard,Valecard Voucher,06-09-2023,,24-10-2023,146.09,2.8,4.09,142,014604,645084437,,0606458********6650,00 / 00,013998257000126,237 / 30457 / 105546,Não Informado,false,,18:36:01,Benefício,2023-10-23T21:00:00-03:00,142,,false,1° 08 - 12
EMPRESA MODELO,Ticket,TICKET ALIMENTACAO,06-09-2023,,11-10-2023,27.37,5.99,1.64,25.73,836478,836478,198875607,602651********49436,00 / 00,000000080683215,001 / 3790 / 1355953,Não Informado,false,Venda Realizada Via Redecard,10:07:40,Benefício,2023-10-10T21:00:00-03:00,25.73,,false,
EMPRESA MODELO,Ticket,TICKET ALIMENTACAO,06-09-2023,,11-10-2023,81.73,6,4.9,76.83,448453,448453,198991409,602651********06178,00 / 00,000000080683312,001 / 3790 / 1355910,Não Informado,false,Venda Realizada Via Redecard,17:17:02,Benefício,2023-10-10T21:00:00-03:00,76.83,,false,1° 08 - 12
EMPRESA MODELO,Ticket,Ticket Flex,06-09-2023,,13-10-2023,3.98,6.03,0.24,3.74,047316,47316,199002737,603340********89542,00 / 00,000000080683215,001 / 3790 / 1355953,Não Informado,false,Venda Realizada Via Redecard,12:39:52,Benefício,2023-10-12T21:00:00-03:00,3.74,,false,
EMPRESA MODELO,Ticket,Ticket Flex,06-09-2023,,13-10-2023,27.55,5.99,1.65,25.9,671070,671070,199002737,603340********89658,00 / 00,000000080683215,001 / 3790 / 1355953,Não Informado,false,Venda Realizada Via Redecard,06:45:23,Benefício,2023-10-12T21:00:00-03:00,25.9,,false,
EMPRESA MODELO,Ticket,Ticket Flex,06-09-2023,,13-10-2023,9.22,5.97,0.55,8.67,079093,79093,199002737,603340********89666,00 / 00,000000080683215,001 / 3790 / 1355953,Não Informado,false,Venda Realizada Via Redecard,12:52:32,Benefício,2023-10-12T21:00:00-03:00,8.67,,false,
EMPRESA MODELO,Ticket,Ticket Flex,06-09-2023,,13-10-2023,100.01,6,6,94.01,038701,38701,199002737,603340********89674,00 / 00,000000080683215,001 / 3790 / 1355953,Não Informado,false,Venda Realizada Via Redecard,12:36:21,Benefício,2023-10-12T21:00:00-03:00,94.01,,false,
EMPRESA MODELO,Ticket,Ticket Flex,06-09-2023,,13-10-2023,123.23,6,7.39,115.84,095555,95555,199002737,603340********89682,00 / 00,000000080683215,001 / 3790 / 1355953,Não Informado,false,Venda Realizada Via Redecard,12:59:11,Benefício,2023-10-12T21:00:00-03:00,115.84,,false,
EMPRESA MODELO,Ticket,Ticket Flex,06-09-2023,,13-10-2023,11.17,6,0.67,10.5,540309,540309,199002737,603340********89682,00 / 00,000000080683215,001 / 3790 / 1355953,Não Informado,false,Venda Realizada Via Redecard,18:11:58,Benefício,2023-10-12T21:00:00-03:00,10.5,,false,1° 08 - 12
EMPRESA MODELO,Ticket,Ticket Flex,06-09-2023,,13-10-2023,72.72,6,4.36,68.36,132995,132995,199002737,603340********86530,00 / 00,000000080683215,001 / 3790 / 1355953,Não Informado,false,Venda Realizada Via Redecard,13:15:01,Benefício,2023-10-12T21:00:00-03:00,68.36,,false,1° 08 - 12
EMPRESA MODELO,Ticket,Ticket Flex,06-09-2023,,13-10-2023,110.63,6,6.64,103.99,145150,145150,199002737,603340********86530,00 / 00,000000080683215,001 / 3790 / 1355953,Não Informado,false,Venda Realizada Via Redecard,13:20:19,Benefício,2023-10-12T21:00:00-03:00,103.99,,false,1° 08 - 12
EMPRESA MODELO,UpBrasil,UpBrasil Convênio,07-09-2023,,20-10-2023,31.59,7.38,2.33,29.26,157997,243211593,70923001,308345******0245   ,00 / 00,000000007815066,341 / 059290 / 00000113644,Não Informado,false,,07:41:57,Benefício,2023-10-19T21:00:00-03:00,29.26,,false,
EMPRESA MODELO,Valecard,Valecard Voucher,07-09-2023,,24-10-2023,223.28,2.8,6.25,217.03,069231,645158032,,0606458********0810,00 / 00,013998257000126,237 / 30457 / 105546,Não Informado,false,,13:54:17,Benefício,2023-10-23T21:00:00-03:00,217.03,,false,1° 08 - 12
EMPRESA MODELO,Valecard,Valecard Voucher,07-09-2023,,24-10-2023,3788.24,2.8,106.07,3682.17,098338,645152239,,0606458********2778,00 / 00,013998257000126,237 / 30457 / 105546,Não Informado,false,,12:52:14,Benefício,2023-10-23T21:00:00-03:00,3682.17,,false,
EMPRESA MODELO,Valecard,Valecard Voucher,07-09-2023,,24-10-2023,1307.65,2.8,36.61,1271.04,059385,645187086,,0606458********9575,00 / 00,013998257000126,237 / 30457 / 105546,Não Informado,false,,20:15:48,Benefício,2023-10-23T21:00:00-03:00,1271.04,,false,1° 08 - 12
EMPRESA MODELO,Ticket,Ticket Flex,07-09-2023,,13-10-2023,98.37,6,5.9,92.47,093028,93028,199002737,603340********60813,00 / 00,000000080683215,001 / 3790 / 1355953,Não Informado,false,Venda Realizada Via Redecard,10:59:53,Benefício,2023-10-12T21:00:00-03:00,92.47,,false,
EMPRESA MODELO,Ticket,Ticket Flex,07-09-2023,,13-10-2023,18,6,1.08,16.92,262517,262517,199002737,603340********35779,00 / 00,000000080683215,001 / 3790 / 1355953,Não Informado,false,Venda Realizada Via Redecard,12:49:47,Benefício,2023-10-12T21:00:00-03:00,16.92,,false,
EMPRESA MODELO,Comprocard,Comprocard Crédito,08-09-2023,,30-10-2023,448.7,7.9,35.45,413.25,202455,65362135,,000639233******5001,00 / 00,033091040000145,001 / 037907 / 1355910,Não Informado,false,,09:15:47,Crédito a Vista,2023-10-29T21:00:00-03:00,413.25,,false,
EMPRESA MODELO,Valecard,Valecard Voucher,08-09-2023,,24-10-2023,2051.24,2.8,57.43,1993.81,069446,645268926,,0606458********1830,00 / 00,013998257000126,237 / 30457 / 105546,Não Informado,false,,16:17:15,Benefício,2023-10-23T21:00:00-03:00,1993.81,,false,1° 08 - 12
EMPRESA MODELO,Valecard,Valecard Voucher,08-09-2023,,24-10-2023,2950.06,2.8,82.6,2867.46,088498,645260659,,0606458********0270,00 / 00,013998257000126,237 / 30457 / 105546,Não Informado,false,,15:18:02,Benefício,2023-10-23T21:00:00-03:00,2867.46,,false,1° 08 - 12
EMPRESA MODELO,Valecard,Valecard Voucher,08-09-2023,,24-10-2023,92.54,2.8,2.59,89.95,091295,645269132,,0606458********1830,00 / 00,013998257000126,237 / 30457 / 105546,Não Informado,false,,16:18:26,Benefício,2023-10-23T21:00:00-03:00,89.95,,false,1° 08 - 12
EMPRESA MODELO,Valecard,Valecard Voucher,08-09-2023,,07-11-2023,241.53,2.8,6.76,234.77,806167,645305400,,0606482********9630,00 / 00,013998257000126,237 / 30457 / 105546,Não Informado,false,,20:45:41,Benefício,2023-11-06T21:00:00-03:00,234.77,,false,1° 08 - 12
EMPRESA MODELO,Ticket,Ticket Flex,08-09-2023,,13-10-2023,40,6,2.4,37.6,831249,831249,199002737,603340********36716,00 / 00,000000080683215,001 / 3790 / 1355953,Não Informado,false,Venda Realizada Via Redecard,09:14:22,Benefício,2023-10-12T21:00:00-03:00,37.6,,false,
EMPRESA MODELO,Ticket,Ticket Flex,08-09-2023,,13-10-2023,30.09,6.02,1.81,28.28,900455,900455,199002737,603340********89319,00 / 00,000000080683215,001 / 3790 / 1355953,Não Informado,false,Venda Realizada Via Redecard,10:33:10,Benefício,2023-10-12T21:00:00-03:00,28.28,,false,
EMPRESA MODELO,Ticket,Ticket Flex,08-09-2023,,13-10-2023,14.99,6,0.9,14.09,913836,913836,199002737,603340********89319,00 / 00,000000080683215,001 / 3790 / 1355953,Não Informado,false,Venda Realizada Via Redecard,10:46:54,Benefício,2023-10-12T21:00:00-03:00,14.09,,false,
EMPRESA MODELO,Cabal,CABAL VOUCHER,08-09-2023,,09-10-2023,1.19,5.04,0.06,1.13,033694,568591,,000604220******6729,00 / 00,033090890000129,341 / 5929 / 113644,Não Informado,false,,07:35:57,Benefício,2023-10-08T21:00:00-03:00,1.13,,false,
EMPRESA MODELO,Comprocard,Comprocard Crédito,09-09-2023,,30-10-2023,109.61,7.9,8.66,100.95,528158,65422938,,000639233******4200,00 / 00,033091040000145,001 / 037907 / 1355910,Não Informado,false,,18:47:34,Crédito a Vista,2023-10-29T21:00:00-03:00,100.95,,false,1° 08 - 12
EMPRESA MODELO,UpBrasil,UpBrasil Convênio,09-09-2023,,20-10-2023,12.43,7.39,0.92,11.51,936357,243339351,90923001,308345******0245   ,00 / 00,000000007815066,341 / 059290 / 00000113644,Não Informado,false,,18:39:36,Benefício,2023-10-19T21:00:00-03:00,11.51,,false,1° 08 - 12
EMPRESA MODELO,UpBrasil,UpBrasil Convênio,09-09-2023,,20-10-2023,16.97,7.39,1.25,15.72,101207,243318558,90923001,308345******0245   ,00 / 00,000000007815066,341 / 059290 / 00000113644,Não Informado,false,,12:21:01,Benefício,2023-10-19T21:00:00-03:00,15.72,,false,
EMPRESA MODELO,UpBrasil,UpBrasil Convênio,09-09-2023,,20-10-2023,142.67,7.39,10.54,132.13,304477,243302358,90923001,308345******6346   ,00 / 00,000000007815066,341 / 059290 / 00000113644,Não Informado,false,,08:13:04,Benefício,2023-10-19T21:00:00-03:00,132.13,,false,
EMPRESA MODELO,Valecard,Valecard Voucher,09-09-2023,,24-10-2023,2254.23,2.8,63.12,2191.11,051347,645344957,,0606458********0648,00 / 00,013998257000126,237 / 30457 / 105546,Não Informado,false,,11:26:27,Benefício,2023-10-23T21:00:00-03:00,2191.11,,false,
EMPRESA MODELO,Ticket,Ticket Flex,09-09-2023,,13-10-2023,12.06,5.97,0.72,11.34,430536,430536,199002737,603340********94346,00 / 00,000000080683215,001 / 3790 / 1355953,Não Informado,false,Venda Realizada Via Redecard,18:01:54,Benefício,2023-10-12T21:00:00-03:00,11.34,,false,1° 08 - 12
EMPRESA MODELO,Ticket,Ticket Flex,09-09-2023,,13-10-2023,87.63,6,5.26,82.37,878854,878854,199002737,603340********60813,00 / 00,000000080683215,001 / 3790 / 1355953,Não Informado,false,Venda Realizada Via Redecard,10:14:47,Benefício,2023-10-12T21:00:00-03:00,82.37,,false,
EMPRESA MODELO,Ticket,Ticket Flex,09-09-2023,,13-10-2023,67.42,6.01,4.05,63.37,248513,248513,199002737,603340********89319,00 / 00,000000080683215,001 / 3790 / 1355953,Não Informado,false,Venda Realizada Via Redecard,15:13:32,Benefício,2023-10-12T21:00:00-03:00,63.37,,false,1° 08 - 12
EMPRESA MODELO,Cabal,CABAL VOUCHER,09-09-2023,,16-10-2023,31.15,6.48,2.02,29.13,085245,568598,,000604220******8182,00 / 00,033090890000129,341 / 5929 / 113644,Não Informado,false,,09:01:57,Benefício,2023-10-15T21:00:00-03:00,29.13,,false,
EMPRESA MODELO,Cabal,CABAL VOUCHER,09-09-2023,,16-10-2023,82.34,6.5,5.35,76.99,106766,568604,,000604220******8182,00 / 00,033090890000129,341 / 5929 / 113644,Não Informado,false,,14:09:08,Benefício,2023-10-15T21:00:00-03:00,76.99,,false,1° 08 - 12
EMPRESA MODELO,Cabal,CABAL VOUCHER,09-09-2023,,16-10-2023,39.65,6.51,2.58,37.07,120121,568612,,000604220******8182,00 / 00,033090890000129,341 / 5929 / 113644,Não Informado,false,,18:14:08,Benefício,2023-10-15T21:00:00-03:00,37.07,,false,1° 08 - 12
EMPRESA MODELO,UpBrasil,UpBrasil Convênio,10-09-2023,,20-11-2023,10.99,7.37,0.81,10.18,712440,243360317,100923001,308345******0245   ,00 / 00,000000007815066,341 / 059290 / 00000113644,Não Informado,false,,12:47:12,Benefício,2023-11-19T21:00:00-03:00,10.18,,false,
EMPRESA MODELO,Comprocard,Comprocard Crédito,10-09-2023,,30-10-2023,26,7.88,2.05,23.95,732700,65428979,,000639233******9705,00 / 00,033091040000145,001 / 037907 / 1355910,Não Informado,false,,08:03:26,Crédito a Vista,2023-10-29T21:00:00-03:00,23.95,,false,
EMPRESA MODELO,Comprocard,Comprocard Crédito,10-09-2023,,30-10-2023,27.37,7.89,2.16,25.21,240573,65429444,,000639233******5001,00 / 00,033091040000145,001 / 037907 / 1355910,Não Informado,false,,08:22:35,Crédito a Vista,2023-10-29T21:00:00-03:00,25.21,,false,
EMPRESA MODELO,Ticket,Ticket Flex,10-09-2023,,13-10-2023,6.98,6.02,0.42,6.56,905909,905909,199002737,603340********60813,00 / 00,000000080683215,001 / 3790 / 1355953,Não Informado,false,Venda Realizada Via Redecard,11:55:01,Benefício,2023-10-12T21:00:00-03:00,6.56,,false,
EMPRESA MODELO,UpBrasil,UpBrasil Convênio,11-09-2023,,20-11-2023,28.92,7.4,2.14,26.78,654570,243375506,110923001,308345******3532   ,00 / 00,000000007815066,341 / 059290 / 00000113644,Não Informado,false,,10:46:54,Benefício,2023-11-19T21:00:00-03:00,26.78,,false,
EMPRESA MODELO,VR,VR REFEICAO,11-09-2023,,10-10-2023,9.99,6.81,0.68,9.31,843374,17120,,000637036******7992,00 / 00,033091040000145,001 / 3790 / 1355910,Não Informado,false,,08:37:38,Benefício,2023-10-09T21:00:00-03:00,9.31,,false,
EMPRESA MODELO,Valecard,Valecard Voucher,11-09-2023,,31-10-2023,187.87,2.8,5.26,182.61,039326,645506930,,0606458********0039,00 / 00,013998257000126,237 / 30457 / 105546,Não Informado,false,,09:23:37,Benefício,2023-10-30T21:00:00-03:00,182.61,,false,
EMPRESA MODELO,Valecard,Valecard Voucher,11-09-2023,,31-10-2023,548.21,2.8,15.35,532.86,059715,645568101,,0606458********9480,00 / 00,013998257000126,237 / 30457 / 105546,Não Informado,false,,17:22:22,Benefício,2023-10-30T21:00:00-03:00,532.86,,false,1° 08 - 12
EMPRESA MODELO,Ticket,TICKET REFEICAO,11-09-2023,,16-10-2023,40.42,6.01,2.43,37.99,842268,842268,199166586,603342********53512,00 / 00,000000080683312,001 / 3790 / 1355910,Não Informado,false,Venda Realizada Via Redecard,17:34:41,Benefício,2023-10-15T21:00:00-03:00,37.99,,false,1° 08 - 12
EMPRESA MODELO,Ticket,TICKET ALIMENTACAO,11-09-2023,,18-10-2023,6.48,6.02,0.39,6.09,466034,466034,199157892,602651********94875,00 / 00,000000080683215,001 / 3790 / 1355953,Não Informado,false,Venda Realizada Via Redecard,11:58:31,Benefício,2023-10-17T21:00:00-03:00,6.09,,false,
EMPRESA MODELO,Ticket,TICKET ALIMENTACAO,11-09-2023,,18-10-2023,51.07,5.99,3.06,48.01,925789,925789,199157892,602651********79602,00 / 00,000000080683215,001 / 3790 / 1355953,Não Informado,false,Venda Realizada Via Redecard,18:35:07,Benefício,2023-10-17T21:00:00-03:00,48.01,,false,1° 08 - 12
EMPRESA MODELO,Ticket,TICKET ALIMENTACAO,11-09-2023,,18-10-2023,44.92,6.01,2.7,42.22,775702,775702,199157892,602651********16710,00 / 00,000000080683215,001 / 3790 / 1355953,Não Informado,false,Venda Realizada Via Redecard,16:29:51,Benefício,2023-10-17T21:00:00-03:00,42.22,,false,1° 08 - 12
EMPRESA MODELO,Ticket,TICKET ALIMENTACAO,11-09-2023,,18-10-2023,17.13,6.01,1.03,16.1,868981,868981,199157892,602651********85672,00 / 00,000000080683215,001 / 3790 / 1355953,Não Informado,false,Venda Realizada Via Redecard,17:55:18,Benefício,2023-10-17T21:00:00-03:00,16.1,,false,1° 08 - 12
EMPRESA MODELO,Ticket,TICKET ALIMENTACAO,11-09-2023,,18-10-2023,31.44,6.01,1.89,29.55,599859,599859,199166587,602651********99636,00 / 00,000000080683312,001 / 3790 / 1355910,Não Informado,false,Venda Realizada Via Redecard,13:13:40,Benefício,2023-10-17T21:00:00-03:00,29.55,,false,1° 08 - 12
EMPRESA MODELO,Ticket,TICKET ALIMENTACAO,11-09-2023,,18-10-2023,113.08,6,6.78,106.3,860039,860039,199166587,602651********38369,00 / 00,000000080683312,001 / 3790 / 1355910,Não Informado,false,Venda Realizada Via Redecard,17:48:36,Benefício,2023-10-17T21:00:00-03:00,106.3,,false,1° 08 - 12
EMPRESA MODELO,Ticket,TICKET ALIMENTACAO,11-09-2023,,18-10-2023,12.97,6.01,0.78,12.19,604528,604528,199166587,602651********95870,00 / 00,000000080683312,001 / 3790 / 1355910,Não Informado,false,Venda Realizada Via Redecard,13:16:19,Benefício,2023-10-17T21:00:00-03:00,12.19,,false,1° 08 - 12
EMPRESA MODELO,Ticket,TICKET ALIMENTACAO,11-09-2023,,18-10-2023,153.51,6,9.21,144.3,988311,988311,199166587,602651********47255,00 / 00,000000080683312,001 / 3790 / 1355910,Não Informado,false,Venda Realizada Via Redecard,19:19:15,Benefício,2023-10-17T21:00:00-03:00,144.3,,false,1° 08 - 12
EMPRESA MODELO,Ticket,TICKET ALIMENTACAO,11-09-2023,,18-10-2023,54.08,5.99,3.24,50.84,958194,958194,199166587,602651********06043,00 / 00,000000080683312,001 / 3790 / 1355910,Não Informado,false,Venda Realizada Via Redecard,18:56:57,Benefício,2023-10-17T21:00:00-03:00,50.84,,false,1° 08 - 12
EMPRESA MODELO,Ticket,TICKET ALIMENTACAO,11-09-2023,,18-10-2023,92.77,6,5.57,87.2,776735,776735,199166587,602651********34753,00 / 00,000000080683312,001 / 3790 / 1355910,Não Informado,false,Venda Realizada Via Redecard,16:31:04,Benefício,2023-10-17T21:00:00-03:00,87.2,,false,1° 08 - 12
EMPRESA MODELO,Ticket,TICKET ALIMENTACAO,11-09-2023,,18-10-2023,71.74,5.99,4.3,67.44,980935,980935,199166587,602651********55797,00 / 00,000000080683312,001 / 3790 / 1355910,Não Informado,false,Venda Realizada Via Redecard,19:13:35,Benefício,2023-10-17T21:00:00-03:00,67.44,,false,1° 08 - 12
EMPRESA MODELO,Ticket,TICKET ALIMENTACAO,11-09-2023,,18-10-2023,152.19,6,9.13,143.06,736771,736771,199166587,602651********88404,00 / 00,000000080683312,001 / 3790 / 1355910,Não Informado,false,Venda Realizada Via Redecard,15:39:35,Benefício,2023-10-17T21:00:00-03:00,143.06,,false,1° 08 - 12
EMPRESA MODELO,Ticket,TICKET ALIMENTACAO,11-09-2023,,18-10-2023,66.97,6,4.02,62.95,932660,932660,199166587,602651********70334,00 / 00,000000080683312,001 / 3790 / 1355910,Não Informado,false,Venda Realizada Via Redecard,18:39:37,Benefício,2023-10-17T21:00:00-03:00,62.95,,false,1° 08 - 12
EMPRESA MODELO,Ticket,TICKET ALIMENTACAO,11-09-2023,,18-10-2023,26,6,1.56,24.44,023928,23928,199166587,602651********50002,00 / 00,000000080683312,001 / 3790 / 1355910,Não Informado,false,Venda Realizada Via Redecard,19:48:57,Benefício,2023-10-17T21:00:00-03:00,24.44,,false,1° 08 - 12
EMPRESA MODELO,Ticket,TICKET ALIMENTACAO,11-09-2023,,18-10-2023,35.79,6.01,2.15,33.64,560263,560263,199166587,602651********03514,00 / 00,000000080683312,001 / 3790 / 1355910,Não Informado,false,Venda Realizada Via Redecard,12:52:22,Benefício,2023-10-17T21:00:00-03:00,33.64,,false,
EMPRESA MODELO,Ticket,TICKET ALIMENTACAO,11-09-2023,,18-10-2023,170.9,6,10.25,160.65,839472,839472,199166587,602651********03977,00 / 00,000000080683312,001 / 3790 / 1355910,Não Informado,false,Venda Realizada Via Redecard,17:32:20,Benefício,2023-10-17T21:00:00-03:00,160.65,,false,1° 08 - 12
EMPRESA MODELO,Ticket,TICKET ALIMENTACAO,11-09-2023,,18-10-2023,123.19,6,7.39,115.8,970184,970184,199166587,602651********06467,00 / 00,000000080683312,001 / 3790 / 1355910,Não Informado,false,Venda Realizada Via Redecard,19:05:33,Benefício,2023-10-17T21:00:00-03:00,115.8,,false,1° 08 - 12
EMPRESA MODELO,Ticket,TICKET ALIMENTACAO,11-09-2023,,18-10-2023,36.47,6,2.19,34.28,764922,764922,199166587,602651********08430,00 / 00,000000080683312,001 / 3790 / 1355910,Não Informado,false,Venda Realizada Via Redecard,16:17:06,Benefício,2023-10-17T21:00:00-03:00,34.28,,false,1° 08 - 12
EMPRESA MODELO,Ticket,TICKET ALIMENTACAO,11-09-2023,,18-10-2023,23.76,6.02,1.43,22.33,048772,48772,199166587,602651********57138,00 / 00,000000080683312,001 / 3790 / 1355910,Não Informado,false,Venda Realizada Via Redecard,20:15:09,Benefício,2023-10-17T21:00:00-03:00,22.33,,false,1° 08 - 12
EMPRESA MODELO,Ticket,TICKET ALIMENTACAO,11-09-2023,,18-10-2023,84,6,5.04,78.96,660048,660048,199166587,602651********48690,00 / 00,000000080683312,001 / 3790 / 1355910,Não Informado,false,Venda Realizada Via Redecard,13:55:44,Benefício,2023-10-17T21:00:00-03:00,78.96,,false,1° 08 - 12
EMPRESA MODELO,Ticket,TICKET ALIMENTACAO,11-09-2023,,18-10-2023,16.96,6.01,1.02,15.94,048208,48208,199166587,602651********98835,00 / 00,000000080683312,001 / 3790 / 1355910,Não Informado,false,Venda Realizada Via Redecard,20:14:26,Benefício,2023-10-17T21:00:00-03:00,15.94,,false,1° 08 - 12
EMPRESA MODELO,Ticket,TICKET REFEICAO,11-09-2023,,16-10-2023,23.98,6.01,1.44,22.54,793224,793224,199157893,603342********24052,00 / 00,000000080683215,001 / 3790 / 1355953,Não Informado,false,Venda Realizada Via Redecard,16:49:18,Benefício,2023-10-15T21:00:00-03:00,22.54,,false,1° 08 - 12
EMPRESA MODELO,Ticket,TICKET REFEICAO,11-09-2023,,16-10-2023,100,6,6,94,590265,590265,199157893,603342********57463,00 / 00,000000080683215,001 / 3790 / 1355953,Não Informado,false,Venda Realizada Via Redecard,13:08:16,Benefício,2023-10-15T21:00:00-03:00,94,,false,
EMPRESA MODELO,Ticket,TICKET REFEICAO,11-09-2023,,16-10-2023,242,6,14.52,227.48,591203,591203,199157893,603342********57463,00 / 00,000000080683215,001 / 3790 / 1355953,Não Informado,false,Venda Realizada Via Redecard,13:08:48,Benefício,2023-10-15T21:00:00-03:00,227.48,,false,
EMPRESA MODELO,Ticket,Ticket Flex,11-09-2023,,13-10-2023,4.57,5.91,0.27,4.3,509963,509963,199002737,603340********89575,00 / 00,000000080683215,001 / 3790 / 1355953,Não Informado,false,Venda Realizada Via Redecard,12:26:44,Benefício,2023-10-12T21:00:00-03:00,4.3,,false,
EMPRESA MODELO,Ticket,Ticket Flex,11-09-2023,,13-10-2023,142.93,6,8.58,134.35,992550,992550,199002737,603340********48636,00 / 00,000000080683215,001 / 3790 / 1355953,Não Informado,false,Venda Realizada Via Redecard,19:22:33,Benefício,2023-10-12T21:00:00-03:00,134.35,,false,1° 08 - 12
EMPRESA MODELO,Ticket,TICKET REFEICAO,11-09-2023,,16-10-2023,49.59,6.01,2.98,46.61,062620,62620,199157893,603342********72742,00 / 00,000000080683215,001 / 3790 / 1355953,Não Informado,false,Venda Realizada Via Redecard,20:33:09,Benefício,2023-10-15T21:00:00-03:00,46.61,,false,1° 08 - 12
EMPRESA MODELO,Ticket,TICKET ALIMENTACAO,11-09-2023,,18-10-2023,29.52,6,1.77,27.75,995790,995790,199166587,602651********14390,00 / 00,000000080683312,001 / 3790 / 1355910,Não Informado,false,Venda Realizada Via Redecard,19:25:11,Benefício,2023-10-17T21:00:00-03:00,27.75,,false,1° 08 - 12
EMPRESA MODELO,Ticket,TICKET ALIMENTACAO,11-09-2023,,18-10-2023,7.49,6.01,0.45,7.04,054150,54150,199166587,602651********24176,00 / 00,000000080683312,001 / 3790 / 1355910,Não Informado,false,Venda Realizada Via Redecard,20:21:58,Benefício,2023-10-17T21:00:00-03:00,7.04,,false,1° 08 - 12
EMPRESA MODELO,Cabal,CABAL VOUCHER,11-09-2023,,16-10-2023,4.98,5.02,0.25,4.73,189472,568667,,000604220******6729,00 / 00,033090890000129,341 / 5929 / 113644,Não Informado,false,,20:03:21,Benefício,2023-10-15T21:00:00-03:00,4.73,,false,1° 08 - 12
EMPRESA MODELO,UpBrasil,UpBrasil Convênio,12-09-2023,,20-11-2023,47.88,9.07,4.34,43.54,233417,243420899,120923001,308345******1446   ,00 / 00,000000007815066,341 / 059290 / 00000113644,Não Informado,false,,12:22:33,Benefício,2023-11-19T21:00:00-03:00,43.54,,false,
EMPRESA MODELO,UpBrasil,UpBrasil Convênio,12-09-2023,,20-11-2023,20.5,9.07,1.86,18.64,603870,243419383,120923001,308345******7942   ,00 / 00,000000007815066,341 / 059290 / 00000113644,Não Informado,false,,11:56:03,Benefício,2023-11-19T21:00:00-03:00,18.64,,false,
EMPRESA MODELO,Comprocard,Comprocard Crédito,12-09-2023,,30-10-2023,148.61,7.9,11.74,136.87,349304,65474754,,000639233******3970,00 / 00,033091040000145,001 / 037907 / 1355910,Não Informado,false,,09:52:06,Crédito a Vista,2023-10-29T21:00:00-03:00,136.87,,false,
EMPRESA MODELO,Comprocard,Comprocard Crédito,12-09-2023,,30-10-2023,39.94,7.91,3.16,36.78,887641,65497886,,000639233******0342,00 / 00,033091040000145,001 / 037907 / 1355910,Não Informado,false,,20:04:16,Crédito a Vista,2023-10-29T21:00:00-03:00,36.78,,false,1° 08 - 12
EMPRESA MODELO,Valecard,Valecard Voucher,12-09-2023,,31-10-2023,780.91,2.8,21.87,759.04,027392,645607798,,0606458********6660,00 / 00,013998257000126,237 / 30457 / 105546,Não Informado,false,,07:47:03,Benefício,2023-10-30T21:00:00-03:00,759.04,,false,
EMPRESA MODELO,Valecard,Valecard Voucher,12-09-2023,,31-10-2023,1419.12,2.8,39.74,1379.38,078595,645607463,,0606458********6660,00 / 00,013998257000126,237 / 30457 / 105546,Não Informado,false,,07:44:13,Benefício,2023-10-30T21:00:00-03:00,1379.38,,false,
EMPRESA MODELO,Valecard,Valecard Voucher,12-09-2023,,31-10-2023,76.75,2.8,2.15,74.6,066223,645602569,,0606458********6720,00 / 00,013998257000126,237 / 30457 / 105546,Não Informado,false,,06:31:36,Benefício,2023-10-30T21:00:00-03:00,74.6,,false,
EMPRESA MODELO,Valecard,Valecard Voucher,12-09-2023,,31-10-2023,2347.38,2.8,65.73,2281.65,044736,645602742,,0606458********6615,00 / 00,013998257000126,237 / 30457 / 105546,Não Informado,false,,06:35:43,Benefício,2023-10-30T21:00:00-03:00,2281.65,,false,
EMPRESA MODELO,Valecard,Valecard Voucher,12-09-2023,,31-10-2023,1968.64,2.8,55.12,1913.52,089182,645602489,,0606458********6720,00 / 00,013998257000126,237 / 30457 / 105546,Não Informado,false,,06:29:39,Benefício,2023-10-30T21:00:00-03:00,1913.52,,false,
EMPRESA MODELO,Valecard,Valecard Voucher,12-09-2023,,31-10-2023,418.96,2.8,11.73,407.23,040255,645638908,,0606458********1290,00 / 00,013998257000126,237 / 30457 / 105546,Não Informado,false,,11:58:11,Benefício,2023-10-30T21:00:00-03:00,407.23,,false,
EMPRESA MODELO,Valecard,Valecard Voucher,12-09-2023,,31-10-2023,376.2,2.8,10.53,365.67,073563,645637838,,0606458********9553,00 / 00,013998257000126,237 / 30457 / 105546,Não Informado,false,,11:49:15,Benefício,2023-10-30T21:00:00-03:00,365.67,,false,
EMPRESA MODELO,Valecard,Valecard Voucher,12-09-2023,,31-10-2023,670.78,2.8,18.78,652,031244,645704907,,0606458********6320,00 / 00,013998257000126,237 / 30457 / 105546,Não Informado,false,,20:45:21,Benefício,2023-10-30T21:00:00-03:00,652,,false,1° 08 - 12
EMPRESA MODELO,Ticket,TICKET REFEICAO,12-09-2023,,16-10-2023,148.6,6,8.92,139.68,274127,274127,199157893,603342********49955,00 / 00,000000080683215,001 / 3790 / 1355953,Não Informado,false,Venda Realizada Via Redecard,11:07:13,Benefício,2023-10-15T21:00:00-03:00,139.68,,false,
EMPRESA MODELO,Ticket,TICKET REFEICAO,12-09-2023,,16-10-2023,6.08,5.92,0.36,5.72,114884,114884,199157893,603342********69342,00 / 00,000000080683215,001 / 3790 / 1355953,Não Informado,false,Venda Realizada Via Redecard,06:24:17,Benefício,2023-10-15T21:00:00-03:00,5.72,,false,
EMPRESA MODELO,Ticket,TICKET ALIMENTACAO,12-09-2023,,18-10-2023,68.88,6,4.13,64.75,273249,273249,199157892,602651********69456,00 / 00,000000080683215,001 / 3790 / 1355953,Não Informado,false,Venda Realizada Via Redecard,11:05:57,Benefício,2023-10-17T21:00:00-03:00,64.75,,false,
EMPRESA MODELO,Ticket,TICKET ALIMENTACAO,12-09-2023,,18-10-2023,9.19,5.98,0.55,8.64,310499,310499,199157892,602651********80528,00 / 00,000000080683215,001 / 3790 / 1355953,Não Informado,false,Venda Realizada Via Redecard,11:49:51,Benefício,2023-10-17T21:00:00-03:00,8.64,,false,
EMPRESA MODELO,Ticket,TICKET ALIMENTACAO,12-09-2023,,18-10-2023,88.17,6,5.29,82.88,294566,294566,199157892,602651********13389,00 / 00,000000080683215,001 / 3790 / 1355953,Não Informado,false,Venda Realizada Via Redecard,11:33:17,Benefício,2023-10-17T21:00:00-03:00,82.88,,false,
EMPRESA MODELO,Ticket,TICKET ALIMENTACAO,12-09-2023,,18-10-2023,11.47,6.02,0.69,10.78,133591,133591,199157892,602651********85672,00 / 00,000000080683215,001 / 3790 / 1355953,Não Informado,false,Venda Realizada Via Redecard,07:27:28,Benefício,2023-10-17T21:00:00-03:00,10.78,,false,
EMPRESA MODELO,Ticket,TICKET ALIMENTACAO,12-09-2023,,18-10-2023,15.99,6,0.96,15.03,304642,304642,199157892,602651********51601,00 / 00,000000080683215,001 / 3790 / 1355953,Não Informado,false,Venda Realizada Via Redecard,11:44:00,Benefício,2023-10-17T21:00:00-03:00,15.03,,false,
EMPRESA MODELO,Ticket,TICKET ALIMENTACAO,12-09-2023,,18-10-2023,5.79,6.04,0.35,5.44,495308,495308,199166587,602651********99636,00 / 00,000000080683312,001 / 3790 / 1355910,Não Informado,false,Venda Realizada Via Redecard,13:38:16,Benefício,2023-10-17T21:00:00-03:00,5.44,,false,1° 08 - 12
EMPRESA MODELO,Ticket,TICKET ALIMENTACAO,12-09-2023,,18-10-2023,10.14,6.02,0.61,9.53,337651,337651,199166587,602651********92597,00 / 00,000000080683312,001 / 3790 / 1355910,Não Informado,false,Venda Realizada Via Redecard,12:11:21,Benefício,2023-10-17T21:00:00-03:00,9.53,,false,
EMPRESA MODELO,Ticket,TICKET ALIMENTACAO,12-09-2023,,18-10-2023,14.36,5.99,0.86,13.5,343500,343500,199166587,602651********08752,00 / 00,000000080683312,001 / 3790 / 1355910,Não Informado,false,Venda Realizada Via Redecard,12:15:01,Benefício,2023-10-17T21:00:00-03:00,13.5,,false,
EMPRESA MODELO,Ticket,TICKET ALIMENTACAO,12-09-2023,,18-10-2023,6.22,5.95,0.37,5.85,114531,114531,199166587,602651********85037,00 / 00,000000080683312,001 / 3790 / 1355910,Não Informado,false,Venda Realizada Via Redecard,06:21:34,Benefício,2023-10-17T21:00:00-03:00,5.85,,false,
EMPRESA MODELO,Ticket,TICKET ALIMENTACAO,12-09-2023,,18-10-2023,34.53,5.99,2.07,32.46,137983,137983,199166587,602651********24176,00 / 00,000000080683312,001 / 3790 / 1355910,Não Informado,false,Venda Realizada Via Redecard,07:35:52,Benefício,2023-10-17T21:00:00-03:00,32.46,,false,
EMPRESA MODELO,Ticket,TICKET ALIMENTACAO,12-09-2023,,18-10-2023,29.75,5.98,1.78,27.97,421485,421485,199166587,602651********59678,00 / 00,000000080683312,001 / 3790 / 1355910,Não Informado,false,Venda Realizada Via Redecard,12:56:14,Benefício,2023-10-17T21:00:00-03:00,27.96,,false,
EMPRESA MODELO,Ticket,Ticket Flex,12-09-2023,,13-10-2023,47.32,6,2.84,44.48,536475,536475,199002737,603340********89658,00 / 00,000000080683215,001 / 3790 / 1355953,Não Informado,false,Venda Realizada Via Redecard,14:14:12,Benefício,2023-10-12T21:00:00-03:00,44.48,,false,1° 08 - 12
EMPRESA MODELO,Ticket,Ticket Flex,12-09-2023,,13-10-2023,2.66,6.02,0.16,2.5,115264,115264,199002737,603340********89319,00 / 00,000000080683215,001 / 3790 / 1355953,Não Informado,false,Venda Realizada Via Redecard,06:26:47,Benefício,2023-10-12T21:00:00-03:00,2.5,,false,
EMPRESA MODELO,Ticket,Ticket Flex,12-09-2023,,13-10-2023,13.28,6.02,0.8,12.48,379265,379265,199002737,603340********02982,00 / 00,000000080683215,001 / 3790 / 1355953,Não Informado,false,Venda Realizada Via Redecard,12:35:03,Benefício,2023-10-12T21:00:00-03:00,12.48,,false,
EMPRESA MODELO,Ticket,TICKET ALIMENTACAO,12-09-2023,,18-10-2023,2.99,6.02,0.18,2.81,541726,541726,199157892,602651********08449,00 / 00,000000080683215,001 / 3790 / 1355953,Não Informado,false,Venda Realizada Via Redecard,14:20:34,Benefício,2023-10-17T21:00:00-03:00,2.81,,false,1° 08 - 12
EMPRESA MODELO,Alelo,Alelo Refeição,12-09-2023,12-09-2023,01-01-2000,-13.5,0,0,-13.5,000000,0,230912,0000000000000000000,00 / 00,1109218637,001 / 03790 / 1355953,00000000,false,,00:00:00,Benefício,,,,false,
EMPRESA MODELO,UpBrasil,UpBrasil Convênio,13-09-2023,,20-11-2023,22.1,5.02,1.11,20.99,336900,243455581,130923001,308345******1845   ,00 / 00,000000007815071,001 / 037907 / 00001355910,Não Informado,false,,11:23:36,Benefício,2023-11-19T21:00:00-03:00,20.99,,false,
EMPRESA MODELO,Comprocard,Comprocard Crédito,13-09-2023,,30-10-2023,19.56,7.92,1.55,18.01,977924,65519096,,000639233******5001,00 / 00,033091040000145,001 / 037907 / 1355910,Não Informado,false,,17:41:30,Crédito a Vista,2023-10-29T21:00:00-03:00,18.01,,false,1° 08 - 12
EMPRESA MODELO,Comprocard,Comprocard Crédito,13-09-2023,,30-10-2023,653.93,7.9,51.66,602.27,620139,65526348,,000639233******0342,00 / 00,033091040000145,001 / 037907 / 1355910,Não Informado,false,,20:34:47,Crédito a Vista,2023-10-29T21:00:00-03:00,602.27,,false,1° 08 - 12
EMPRESA MODELO,Valecard,Valecard Voucher,13-09-2023,,14-11-2023,40,2.8,1.12,38.88,399657,645740270,,0606482********1105,00 / 00,013998257000126,237 / 30457 / 105546,Não Informado,false,,10:31:51,Benefício,2023-11-13T21:00:00-03:00,38.88,,false,
EMPRESA MODELO,Valecard,Valecard Voucher,13-09-2023,,31-10-2023,3117.82,2.8,87.3,3030.52,088825,645763511,,0606458********3570,00 / 00,013998257000126,237 / 30457 / 105546,Não Informado,false,,13:49:18,Benefício,2023-10-30T21:00:00-03:00,3030.52,,false,1° 08 - 12
EMPRESA MODELO,Valecard,Valecard Voucher,13-09-2023,,31-10-2023,266.26,2.8,7.46,258.8,071555,645767441,,0606458********5910,00 / 00,013998257000126,237 / 30457 / 105546,Não Informado,false,,14:27:42,Benefício,2023-10-30T21:00:00-03:00,258.8,,false,1° 08 - 12
EMPRESA MODELO,Valecard,Valecard Voucher,14-09-2023,,31-10-2023,98.84,2.8,2.77,96.07,041864,645834114,,0606458********3189,00 / 00,013998257000126,237 / 30457 / 105546,Não Informado,false,,08:26:48,Benefício,2023-10-30T21:00:00-03:00,96.07,,false,
EMPRESA MODELO,Valecard,Valecard Voucher,14-09-2023,,31-10-2023,3292.46,2.8,92.19,3200.27,020685,645833863,,0606458********3189,00 / 00,013998257000126,237 / 30457 / 105546,Não Informado,false,,08:25:01,Benefício,2023-10-30T21:00:00-03:00,3200.27,,false,
EMPRESA MODELO,Valecard,Valecard Voucher,14-09-2023,,31-10-2023,870.81,2.8,24.38,846.43,055545,645921213,,0606458********6320,00 / 00,013998257000126,237 / 30457 / 105546,Não Informado,false,,20:07:43,Benefício,2023-10-30T21:00:00-03:00,846.43,,false,1° 08 - 12
EMPRESA MODELO,Valecard,Valecard Voucher,14-09-2023,,31-10-2023,2664.91,2.8,74.62,2590.29,069763,645912752,,0606458********8399,00 / 00,013998257000126,237 / 30457 / 105546,Não Informado,false,,19:00:43,Benefício,2023-10-30T21:00:00-03:00,2590.29,,false,1° 08 - 12
EMPRESA MODELO,Valecard,Valecard Voucher,14-09-2023,,31-10-2023,96.18,2.8,2.69,93.49,013101,645912868,,0606458********8399,00 / 00,013998257000126,237 / 30457 / 105546,Não Informado,false,,19:02:08,Benefício,2023-10-30T21:00:00-03:00,93.49,,false,1° 08 - 12
EMPRESA MODELO,Valecard,Valecard Voucher,14-09-2023,,14-11-2023,196.78,2.8,5.51,191.27,473244,645901220,,0606482********1105,00 / 00,013998257000126,237 / 30457 / 105546,Não Informado,false,,17:28:36,Benefício,2023-11-13T21:00:00-03:00,191.27,,false,1° 08 - 12
EMPRESA MODELO,Valecard,Valecard Voucher,15-09-2023,,31-10-2023,268.41,2.8,7.52,260.89,074443,645945006,,0606458********3528,00 / 00,013998257000126,237 / 30457 / 105546,Não Informado,false,,08:09:59,Benefício,2023-10-30T21:00:00-03:00,260.89,,false,
EMPRESA MODELO,Comprocard,Comprocard Crédito,15-09-2023,,30-10-2023,221.71,7.9,17.52,204.19,279603,65566415,,000639233******1011,00 / 00,033091040000145,001 / 037907 / 1355910,Não Informado,false,,09:02:19,Crédito a Vista,2023-10-29T21:00:00-03:00,204.19,,false,
EMPRESA MODELO,Valecard,Valecard Voucher,15-09-2023,,31-10-2023,74.64,2.8,2.09,72.55,099129,645986231,,0606458********5910,00 / 00,013998257000126,237 / 30457 / 105546,Não Informado,false,,13:05:29,Benefício,2023-10-30T21:00:00-03:00,72.55,,false,
EMPRESA MODELO,Valecard,Valecard Voucher,15-09-2023,,31-10-2023,387.33,2.8,10.85,376.48,018852,645991242,,0606458********0666,00 / 00,013998257000126,237 / 30457 / 105546,Não Informado,false,,13:42:31,Benefício,2023-10-30T21:00:00-03:00,376.48,,false,1° 08 - 12
EMPRESA MODELO,Valecard,Valecard Voucher,15-09-2023,,31-10-2023,206.19,2.8,5.77,200.42,088033,646004673,,0606458********3390,00 / 00,013998257000126,237 / 30457 / 105546,Não Informado,false,,15:25:50,Benefício,2023-10-30T21:00:00-03:00,200.42,,false,1° 08 - 12
EMPRESA MODELO,Valecard,Valecard Voucher,15-09-2023,,31-10-2023,2062.9,2.8,57.76,2005.14,073532,646023936,,0606458********6704,00 / 00,013998257000126,237 / 30457 / 105546,Não Informado,false,,17:25:03,Benefício,2023-10-30T21:00:00-03:00,2005.14,,false,1° 08 - 12
EMPRESA MODELO,Comprocard,Comprocard Crédito,16-09-2023,,30-10-2023,180,7.9,14.22,165.78,018931,65624641,,000639233******5001,00 / 00,033091040000145,001 / 037907 / 1355910,Não Informado,false,,19:20:07,Crédito a Vista,2023-10-29T21:00:00-03:00,165.78,,false,1° 08 - 12
EMPRESA MODELO,Valecard,Valecard Voucher,16-09-2023,,31-10-2023,2415.42,2.8,67.63,2347.79,030688,646082658,,0606458********9640,00 / 00,013998257000126,237 / 30457 / 105546,Não Informado,false,,09:54:51,Benefício,2023-10-30T21:00:00-03:00,2347.79,,false,
EMPRESA MODELO,Valecard,Valecard Voucher,16-09-2023,,31-10-2023,89.17,2.8,2.5,86.67,019954,646082914,,0606458********9640,00 / 00,013998257000126,237 / 30457 / 105546,Não Informado,false,,09:56:17,Benefício,2023-10-30T21:00:00-03:00,86.67,,false,
EMPRESA MODELO,Valecard,Valecard Voucher,16-09-2023,,31-10-2023,3096.3,2.8,86.7,3009.6,056149,646148149,,0606458********6570,00 / 00,013998257000126,237 / 30457 / 105546,Não Informado,false,,18:43:06,Benefício,2023-10-30T21:00:00-03:00,3009.6,,false,1° 08 - 12
EMPRESA MODELO,Valecard,Valecard Voucher,17-09-2023,,07-11-2023,385.75,2.8,10.8,374.95,053214,646211883,,0606458********9220,00 / 00,013998257000126,237 / 30457 / 105546,Não Informado,false,,15:09:40,Benefício,2023-11-06T21:00:00-03:00,374.95,,false,1° 08 - 12
EMPRESA MODELO,Valecard,Valecard Voucher,17-09-2023,,07-11-2023,195.64,2.8,5.48,190.16,022137,646204334,,0606458********0201,00 / 00,013998257000126,237 / 30457 / 105546,Não Informado,false,,13:06:17,Benefício,2023-11-06T21:00:00-03:00,190.16,,false,
EMPRESA MODELO,Valecard,Valecard Voucher,18-09-2023,,07-11-2023,295.11,2.8,8.26,286.85,074893,646262113,,0606458********3701,00 / 00,013998257000126,237 / 30457 / 105546,Não Informado,false,,09:54:37,Benefício,2023-11-06T21:00:00-03:00,286.85,,false,
EMPRESA MODELO,Valecard,Valecard Voucher,18-09-2023,,07-11-2023,1937.97,2.8,54.26,1883.71,013071,646301199,,0606458********6704,00 / 00,013998257000126,237 / 30457 / 105546,Não Informado,false,,15:32:19,Benefício,2023-11-06T21:00:00-03:00,1883.71,,false,1° 08 - 12
EMPRESA MODELO,Valecard,Valecard Voucher,18-09-2023,,07-11-2023,182.78,2.8,5.12,177.66,016238,646296714,,0606458********1290,00 / 00,013998257000126,237 / 30457 / 105546,Não Informado,false,,14:54:12,Benefício,2023-11-06T21:00:00-03:00,177.66,,false,1° 08 - 12
EMPRESA MODELO,Valecard,Valecard Voucher,18-09-2023,,07-11-2023,266.61,2.8,7.47,259.14,063161,646302966,,0606458********6512,00 / 00,013998257000126,237 / 30457 / 105546,Não Informado,false,,15:46:25,Benefício,2023-11-06T21:00:00-03:00,259.14,,false,1° 08 - 12
EMPRESA MODELO,Valecard,Valecard Voucher,18-09-2023,,07-11-2023,77.58,2.8,2.17,75.41,050253,646328904,,0606458********6720,00 / 00,013998257000126,237 / 30457 / 105546,Não Informado,false,,18:45:55,Benefício,2023-11-06T21:00:00-03:00,75.41,,false,1° 08 - 12
EMPRESA MODELO,Valecard,Valecard Voucher,18-09-2023,,07-11-2023,2451,2.8,68.63,2382.37,082626,646328660,,0606458********6720,00 / 00,013998257000126,237 / 30457 / 105546,Não Informado,false,,18:44:18,Benefício,2023-11-06T21:00:00-03:00,2382.37,,false,1° 08 - 12
EMPRESA MODELO,Valecard,Valecard Voucher,19-09-2023,,07-11-2023,757.06,2.8,21.2,735.86,093945,646361063,,0606458********9480,00 / 00,013998257000126,237 / 30457 / 105546,Não Informado,false,,08:53:39,Benefício,2023-11-06T21:00:00-03:00,735.86,,false,
EMPRESA MODELO,Valecard,Valecard Voucher,19-09-2023,,07-11-2023,572.14,2.8,16.02,556.12,075797,646365145,,0606458********9529,00 / 00,013998257000126,237 / 30457 / 105546,Não Informado,false,,09:25:30,Benefício,2023-11-06T21:00:00-03:00,556.12,,false,
EMPRESA MODELO,Valecard,Valecard Voucher,19-09-2023,,07-11-2023,86.54,2.8,2.42,84.12,041081,646362039,,0606458********6599,00 / 00,013998257000126,237 / 30457 / 105546,Não Informado,false,,09:01:28,Benefício,2023-11-06T21:00:00-03:00,84.12,,false,
EMPRESA MODELO,Valecard,Valecard Voucher,19-09-2023,,07-11-2023,4535.04,2.8,126.98,4408.06,068013,646361860,,0606458********6599,00 / 00,013998257000126,237 / 30457 / 105546,Não Informado,false,,08:59:56,Benefício,2023-11-06T21:00:00-03:00,4408.06,,false,
EMPRESA MODELO,Valecard,Valecard Voucher,19-09-2023,,07-11-2023,42.37,2.81,1.19,41.18,077561,646439204,,0606458********4109,00 / 00,013998257000126,237 / 30457 / 105546,Não Informado,false,,19:31:38,Benefício,2023-11-06T21:00:00-03:00,41.18,,false,1° 08 - 12
EMPRESA MODELO,Valecard,Valecard Voucher,19-09-2023,,07-11-2023,360.89,2.8,10.1,350.79,010118,646439089,,0606458********4109,00 / 00,013998257000126,237 / 30457 / 105546,Não Informado,false,,19:30:22,Benefício,2023-11-06T21:00:00-03:00,350.79,,false,1° 08 - 12
EMPRESA MODELO,Valecard,Valecard Voucher,20-09-2023,,07-11-2023,65.32,2.8,1.83,63.49,085575,646490928,,0606458********9500,00 / 00,013998257000126,237 / 30457 / 105546,Não Informado,false,,10:35:09,Benefício,2023-11-06T21:00:00-03:00,63.49,,false,
EMPRESA MODELO,Valecard,Valecard Voucher,20-09-2023,,07-11-2023,134.95,2.8,3.78,131.17,027615,646496673,,0606458********3754,00 / 00,013998257000126,237 / 30457 / 105546,Não Informado,false,,11:12:25,Benefício,2023-11-06T21:00:00-03:00,131.17,,false,
EMPRESA MODELO,Valecard,Valecard Voucher,20-09-2023,,07-11-2023,3225,2.8,90.3,3134.7,053526,646496504,,0606458********3754,00 / 00,013998257000126,237 / 30457 / 105546,Não Informado,false,,11:10:59,Benefício,2023-11-06T21:00:00-03:00,3134.7,,false,
EMPRESA MODELO,Valecard,Valecard Voucher,20-09-2023,,07-11-2023,584.81,2.8,16.37,568.44,080747,646506262,,0606458********1237,00 / 00,013998257000126,237 / 30457 / 105546,Não Informado,false,,12:29:56,Benefício,2023-11-06T21:00:00-03:00,568.44,,false,
EMPRESA MODELO,Valecard,Valecard Voucher,20-09-2023,,07-11-2023,289.37,2.8,8.1,281.27,018541,646558470,,0606458********5740,00 / 00,013998257000126,237 / 30457 / 105546,Não Informado,false,,18:53:04,Benefício,2023-11-06T21:00:00-03:00,281.27,,false,1° 08 - 12
EMPRESA MODELO,Valecard,Valecard Voucher,20-09-2023,,07-11-2023,1247.59,2.8,34.93,1212.66,058547,646565956,,0606458********6320,00 / 00,013998257000126,237 / 30457 / 105546,Não Informado,false,,19:48:01,Benefício,2023-11-06T21:00:00-03:00,1212.66,,false,1° 08 - 12
EMPRESA MODELO,Valecard,Valecard Voucher,20-09-2023,,21-11-2023,158,2.8,4.42,153.58,899080,646569252,,0606482********9630,00 / 00,013998257000126,237 / 30457 / 105546,Não Informado,false,,20:18:21,Benefício,2023-11-20T21:00:00-03:00,153.58,,false,1° 08 - 12
EMPRESA MODELO,Valecard,Valecard Voucher,20-09-2023,,07-11-2023,173.89,2.8,4.87,169.02,036064,646564274,,0606458********6512,00 / 00,013998257000126,237 / 30457 / 105546,Não Informado,false,,19:34:37,Benefício,2023-11-06T21:00:00-03:00,169.02,,false,1° 08 - 12
EMPRESA MODELO,Valecard,Valecard Voucher,20-09-2023,,07-11-2023,91.26,2.81,2.56,88.7,045661,646566161,,0606458********6320,00 / 00,013998257000126,237 / 30457 / 105546,Não Informado,false,,19:49:26,Benefício,2023-11-06T21:00:00-03:00,88.7,,false,1° 08 - 12
EMPRESA MODELO,Valecard,Valecard Voucher,21-09-2023,,07-11-2023,239.99,2.8,6.72,233.27,042006,646631447,,0606458********6082,00 / 00,013998257000126,237 / 30457 / 105546,Não Informado,false,,13:36:18,Benefício,2023-11-06T21:00:00-03:00,233.27,,false,1° 08 - 12
EMPRESA MODELO,Valecard,Valecard Voucher,21-09-2023,,07-11-2023,362.27,2.8,10.14,352.13,041525,646643687,,0606458********5740,00 / 00,013998257000126,237 / 30457 / 105546,Não Informado,false,,15:23:02,Benefício,2023-11-06T21:00:00-03:00,352.13,,false,1° 08 - 12
EMPRESA MODELO,Valecard,Valecard Voucher,21-09-2023,,07-11-2023,3.71,2.7,0.1,3.61,049990,646643801,,0606458********5740,00 / 00,013998257000126,237 / 30457 / 105546,Não Informado,false,,15:24:21,Benefício,2023-11-06T21:00:00-03:00,3.61,,false,1° 08 - 12
EMPRESA MODELO,Valecard,Valecard Voucher,21-09-2023,,07-11-2023,1649.23,2.8,46.18,1603.05,074524,646653858,,0606458********0873,00 / 00,013998257000126,237 / 30457 / 105546,Não Informado,false,,16:38:26,Benefício,2023-11-06T21:00:00-03:00,1603.05,,false,1° 08 - 12
EMPRESA MODELO,Valecard,Valecard Voucher,22-09-2023,,07-11-2023,910.26,2.8,25.49,884.77,083950,646695947,,0606458********9529,00 / 00,013998257000126,237 / 30457 / 105546,Não Informado,false,,05:51:37,Benefício,2023-11-06T21:00:00-03:00,884.77,,false,
EMPRESA MODELO,Valecard,Valecard Voucher,22-09-2023,,07-11-2023,2723.22,2.8,76.25,2646.97,069194,646701546,,0606458********6712,00 / 00,013998257000126,237 / 30457 / 105546,Não Informado,false,,07:37:14,Benefício,2023-11-06T21:00:00-03:00,2646.97,,false,
EMPRESA MODELO,Valecard,Valecard Voucher,22-09-2023,,07-11-2023,72.25,2.8,2.02,70.23,033150,646701690,,0606458********6712,00 / 00,013998257000126,237 / 30457 / 105546,Não Informado,false,,07:38:43,Benefício,2023-11-06T21:00:00-03:00,70.23,,false,
EMPRESA MODELO,Valecard,Valecard Voucher,22-09-2023,,07-11-2023,213.05,2.8,5.97,207.08,064829,646751148,,0606458********3410,00 / 00,013998257000126,237 / 30457 / 105546,Não Informado,false,,14:05:05,Benefício,2023-11-06T21:00:00-03:00,207.08,,false,1° 08 - 12
EMPRESA MODELO,Valecard,Valecard Voucher,22-09-2023,,07-11-2023,3354.01,2.8,93.91,3260.1,093901,646752112,,0606458********0260,00 / 00,013998257000126,237 / 30457 / 105546,Não Informado,false,,14:12:17,Benefício,2023-11-06T21:00:00-03:00,3260.1,,false,1° 08 - 12
EMPRESA MODELO,Valecard,Valecard Voucher,22-09-2023,,07-11-2023,244.77,2.8,6.85,237.92,076027,646726111,,0606458********9007,00 / 00,013998257000126,237 / 30457 / 105546,Não Informado,false,,10:48:23,Benefício,2023-11-06T21:00:00-03:00,237.92,,false,
EMPRESA MODELO,Valecard,Valecard Voucher,22-09-2023,,07-11-2023,216.63,2.8,6.07,210.56,022831,646725888,,0606458********9220,00 / 00,013998257000126,237 / 30457 / 105546,Não Informado,false,,10:46:41,Benefício,2023-11-06T21:00:00-03:00,210.56,,false,
EMPRESA MODELO,Valecard,Valecard Voucher,22-09-2023,,07-11-2023,375.07,2.8,10.5,364.57,047537,646727203,,0606458********6558,00 / 00,013998257000126,237 / 30457 / 105546,Não Informado,false,,10:57:02,Benefício,2023-11-06T21:00:00-03:00,364.57,,false,
EMPRESA MODELO,Valecard,Valecard Voucher,22-09-2023,,07-11-2023,784.54,2.8,21.97,762.57,040846,646724055,,0606458********2132,00 / 00,013998257000126,237 / 30457 / 105546,Não Informado,false,,10:31:48,Benefício,2023-11-06T21:00:00-03:00,762.57,,false,
EMPRESA MODELO,Valecard,Valecard Voucher,22-09-2023,,07-11-2023,192.85,2.8,5.4,187.45,058376,646767808,,0606458********3260,00 / 00,013998257000126,237 / 30457 / 105546,Não Informado,false,,16:12:28,Benefício,2023-11-06T21:00:00-03:00,187.45,,false,1° 08 - 12
EMPRESA MODELO,Valecard,Valecard Voucher,22-09-2023,,07-11-2023,2967,2.8,83.08,2883.92,089159,646767567,,0606458********3260,00 / 00,013998257000126,237 / 30457 / 105546,Não Informado,false,,16:11:02,Benefício,2023-11-06T21:00:00-03:00,2883.92,,false,1° 08 - 12
EMPRESA MODELO,Valecard,Valecard Voucher,22-09-2023,,07-11-2023,1935,2.8,54.18,1880.82,091432,646762313,,0606458********0270,00 / 00,013998257000126,237 / 30457 / 105546,Não Informado,false,,15:33:21,Benefício,2023-11-06T21:00:00-03:00,1880.82,,false,1° 08 - 12
EMPRESA MODELO,Valecard,Valecard Voucher,22-09-2023,,07-11-2023,85,2.8,2.38,82.62,099123,646762705,,0606458********0270,00 / 00,013998257000126,237 / 30457 / 105546,Não Informado,false,,15:36:01,Benefício,2023-11-06T21:00:00-03:00,82.62,,false,1° 08 - 12
EMPRESA MODELO,Valecard,Valecard Voucher,22-09-2023,,07-11-2023,88.83,2.8,2.49,86.34,013066,646753225,,0606458********0260,00 / 00,013998257000126,237 / 30457 / 105546,Não Informado,false,,14:21:13,Benefício,2023-11-06T21:00:00-03:00,86.34,,false,1° 08 - 12
EMPRESA MODELO,Valecard,Valecard Voucher,22-09-2023,,07-11-2023,388.47,2.8,10.88,377.59,025875,646792364,,0606458********0687,00 / 00,013998257000126,237 / 30457 / 105546,Não Informado,false,,18:48:41,Benefício,2023-11-06T21:00:00-03:00,377.59,,false,1° 08 - 12
EMPRESA MODELO,Valecard,Valecard Voucher,22-09-2023,,07-11-2023,1905.45,2.8,53.35,1852.1,057953,646789629,,0606458********9974,00 / 00,013998257000126,237 / 30457 / 105546,Não Informado,false,,18:28:50,Benefício,2023-11-06T21:00:00-03:00,1852.1,,false,1° 08 - 12
EMPRESA MODELO,Sodexo,SODEXO REFEICAO,23-09-2023,,27-10-2023,69.44,6.9,4.79,64.65,712224,712224,1,606071****898861000,00 / 00,033091040000145,001 / 3790 / 135591X,00000000,false,,17:43:20,Benefício,2023-10-26T21:00:00-03:00,64.65,,false,1° 08 - 12
EMPRESA MODELO,Valecard,Valecard Voucher,23-09-2023,,07-11-2023,96.05,2.8,2.69,93.36,078113,646834314,,0606458********6082,00 / 00,013998257000126,237 / 30457 / 105546,Não Informado,false,,10:27:17,Benefício,2023-11-06T21:00:00-03:00,93.36,,false,
EMPRESA MODELO,Valecard,Valecard Voucher,23-09-2023,,07-11-2023,2724.5,2.8,76.29,2648.21,081937,646874568,,0606458********1820,00 / 00,013998257000126,237 / 30457 / 105546,Não Informado,false,,16:36:50,Benefício,2023-11-06T21:00:00-03:00,2648.21,,false,1° 08 - 12
EMPRESA MODELO,Valecard,Valecard Voucher,23-09-2023,,07-11-2023,45.33,2.8,1.27,44.06,092746,646874728,,0606458********1820,00 / 00,013998257000126,237 / 30457 / 105546,Não Informado,false,,16:38:26,Benefício,2023-11-06T21:00:00-03:00,44.06,,false,1° 08 - 12
EMPRESA MODELO,Valecard,Valecard Voucher,24-09-2023,,21-11-2023,191.29,2.8,5.36,185.93,283880,646917063,,0606482********9680,00 / 00,013998257000126,237 / 30457 / 105546,Não Informado,false,,09:12:04,Benefício,2023-11-20T21:00:00-03:00,185.93,,false,
EMPRESA MODELO,Valecard,Valecard Voucher,24-09-2023,,21-11-2023,665,2.8,18.62,646.38,038438,646941272,,0606458********0750,00 / 00,013998257000126,237 / 30457 / 105546,Não Informado,false,,14:07:54,Benefício,2023-11-20T21:00:00-03:00,646.38,,false,1° 08 - 12
EMPRESA MODELO,Valecard,Valecard Voucher,25-09-2023,,21-11-2023,203.67,2.8,5.7,197.97,030614,647004633,,0606458********6253,00 / 00,013998257000126,237 / 30457 / 105546,Não Informado,false,,10:35:11,Benefício,2023-11-20T21:00:00-03:00,197.97,,false,
EMPRESA MODELO,Valecard,Valecard Voucher,25-09-2023,,21-11-2023,55.12,2.79,1.54,53.58,097713,647056429,,0606458********0090,00 / 00,013998257000126,237 / 30457 / 105546,Não Informado,false,,17:58:45,Benefício,2023-11-20T21:00:00-03:00,53.58,,false,1° 08 - 12
EMPRESA MODELO,Valecard,Valecard Voucher,25-09-2023,,21-11-2023,566.14,2.8,15.85,550.29,033936,647039412,,0606458********9480,00 / 00,013998257000126,237 / 30457 / 105546,Não Informado,false,,15:55:28,Benefício,2023-11-20T21:00:00-03:00,550.29,,false,1° 08 - 12
EMPRESA MODELO,Valecard,Valecard Voucher,25-09-2023,,21-11-2023,2001.66,2.8,56.05,1945.61,062661,647056257,,0606458********0090,00 / 00,013998257000126,237 / 30457 / 105546,Não Informado,false,,17:57:30,Benefício,2023-11-20T21:00:00-03:00,1945.61,,false,1° 08 - 12
EMPRESA MODELO,Comprocard,Comprocard Crédito,26-09-2023,,30-10-2023,12.71,5.9,0.75,11.96,506015,60933392,,000639233******8016,00 / 00,033090890000129,001 / 037907 / 1355953,Não Informado,false,,15:45:16,Crédito a Vista,,,,false,1° 08 - 12
EMPRESA MODELO,Comprocard,Comprocard Crédito,26-09-2023,,30-10-2023,2.49,8.03,0.2,2.29,675575,65843436,,000639233******8136,00 / 00,033091040000145,001 / 037907 / 1355910,Não Informado,false,,14:57:57,Crédito a Vista,2023-10-29T21:00:00-03:00,2.29,,false,1° 08 - 12
EMPRESA MODELO,Comprocard,Comprocard Crédito,26-09-2023,,30-10-2023,255.15,7.9,20.16,234.99,096115,65847247,,000639233******8136,00 / 00,033091040000145,001 / 037907 / 1355910,Não Informado,false,,17:25:27,Crédito a Vista,2023-10-29T21:00:00-03:00,234.99,,false,1° 08 - 12
EMPRESA MODELO,Valecard,Valecard Voucher,26-09-2023,,21-11-2023,2140.78,2.8,59.94,2080.84,066950,647085241,,0606458********0620,00 / 00,013998257000126,237 / 30457 / 105546,Não Informado,false,,07:41:14,Benefício,2023-11-20T21:00:00-03:00,2080.84,,false,
EMPRESA MODELO,Valecard,Valecard Voucher,26-09-2023,,21-11-2023,1890.04,2.8,52.92,1837.12,052837,647147397,,0606458********3260,00 / 00,013998257000126,237 / 30457 / 105546,Não Informado,false,,16:46:40,Benefício,2023-11-20T21:00:00-03:00,1837.12,,false,1° 08 - 12
EMPRESA MODELO,Valecard,Valecard Voucher,26-09-2023,,21-11-2023,85,2.8,2.38,82.62,077262,647147571,,0606458********3260,00 / 00,013998257000126,237 / 30457 / 105546,Não Informado,false,,16:48:02,Benefício,2023-11-20T21:00:00-03:00,82.62,,false,1° 08 - 12
EMPRESA MODELO,Valecard,Valecard Voucher,26-09-2023,,21-11-2023,265.58,2.8,7.44,258.14,062281,647149204,,0606458********3701,00 / 00,013998257000126,237 / 30457 / 105546,Não Informado,false,,16:59:19,Benefício,2023-11-20T21:00:00-03:00,258.14,,false,1° 08 - 12
EMPRESA MODELO,Valecard,Valecard Voucher,26-09-2023,,21-11-2023,257.2,2.8,7.2,250,022545,647163692,,0606458********1401,00 / 00,013998257000126,237 / 30457 / 105546,Não Informado,false,,18:46:33,Benefício,2023-11-20T21:00:00-03:00,250,,false,1° 08 - 12
EMPRESA MODELO,Valecard,Valecard Voucher,26-09-2023,,21-11-2023,1089.04,2.8,30.49,1058.55,019251,647176483,,0606458********6320,00 / 00,013998257000126,237 / 30457 / 105546,Não Informado,false,,21:27:37,Benefício,2023-11-20T21:00:00-03:00,1058.55,,false,1° 08 - 12
EMPRESA MODELO,Valecard,Valecard Voucher,27-09-2023,,21-11-2023,543.66,2.8,15.22,528.44,070699,647209374,,0606458********9480,00 / 00,013998257000126,237 / 30457 / 105546,Não Informado,false,,10:38:48,Benefício,2023-11-20T21:00:00-03:00,528.44,,false,
EMPRESA MODELO,Valecard,Valecard Voucher,27-09-2023,,28-11-2023,90,2.8,2.52,87.48,416910,647201553,,0606482********1105,00 / 00,013998257000126,237 / 30457 / 105546,Não Informado,false,,09:33:27,Benefício,2023-11-27T21:00:00-03:00,87.48,,false,
EMPRESA MODELO,Valecard,Valecard Voucher,28-09-2023,,21-11-2023,1999.66,2.8,55.99,1943.67,044064,647284003,,0606458********0648,00 / 00,013998257000126,237 / 30457 / 105546,Não Informado,false,,05:17:32,Benefício,2023-11-20T21:00:00-03:00,1943.67,,false,
EMPRESA MODELO,Valecard,Valecard Voucher,28-09-2023,,21-11-2023,239.67,2.8,6.71,232.96,096093,647344968,,0606458********9620,00 / 00,013998257000126,237 / 30457 / 105546,Não Informado,false,,15:55:55,Benefício,2023-11-20T21:00:00-03:00,232.96,,false,1° 08 - 12
EMPRESA MODELO,Valecard,Valecard Voucher,28-09-2023,,21-11-2023,56.54,2.79,1.58,54.96,067841,647365144,,0606458********3390,00 / 00,013998257000126,237 / 30457 / 105546,Não Informado,false,,18:16:49,Benefício,2023-11-20T21:00:00-03:00,54.96,,false,1° 08 - 12
EMPRESA MODELO,Valecard,Valecard Voucher,29-09-2023,,21-11-2023,229.9,2.8,6.44,223.46,025176,647388484,,0606458********5740,00 / 00,013998257000126,237 / 30457 / 105546,Não Informado,false,,05:15:02,Benefício,2023-11-20T21:00:00-03:00,223.46,,false,
EMPRESA MODELO,Valecard,Valecard Voucher,29-09-2023,,21-11-2023,52.63,2.79,1.47,51.16,048454,647405649,,0606458********9500,00 / 00,013998257000126,237 / 30457 / 105546,Não Informado,false,,08:58:56,Benefício,2023-11-20T21:00:00-03:00,51.16,,false,
EMPRESA MODELO,Valecard,Valecard Voucher,29-09-2023,,21-11-2023,644.95,2.8,18.06,626.89,012258,647449921,,0606458********3189,00 / 00,013998257000126,237 / 30457 / 105546,Não Informado,false,,14:01:17,Benefício,2023-11-20T21:00:00-03:00,626.89,,false,1° 08 - 12
EMPRESA MODELO,Valecard,Valecard Voucher,29-09-2023,,21-11-2023,150,2.8,4.2,145.8,038333,647496767,,0606458********1486,00 / 00,013998257000126,237 / 30457 / 105546,Não Informado,false,,18:18:35,Benefício,2023-11-20T21:00:00-03:00,145.8,,false,1° 08 - 12
EMPRESA MODELO,Ticket,TICKET REFEICAO,29-09-2023,,06-11-2023,0.01,0,0,0.01,923735,923735,199798858,603342********14197,00 / 00,000000080683312,001 / 3790 / 1355910,Não Informado,false,Venda Realizada Via Redecard,06:28:10,Benefício,2023-11-05T21:00:00-03:00,0.01,,false,
EMPRESA MODELO,Valecard,Valecard Voucher,30-09-2023,,21-11-2023,131.73,2.8,3.69,128.04,032017,647534278,,0606458********3189,00 / 00,013998257000126,237 / 30457 / 105546,Não Informado,false,,06:28:58,Benefício,2023-11-20T21:00:00-03:00,128.04,,false,
EMPRESA MODELO,Valecard,Valecard Voucher,30-09-2023,,21-11-2023,546.52,2.8,15.3,531.22,057240,647533573,,0606458********9480,00 / 00,013998257000126,237 / 30457 / 105546,Não Informado,false,,05:55:39,Benefício,2023-11-20T21:00:00-03:00,531.22,,false,
EMPRESA MODELO,Valecard,Valecard Voucher,30-09-2023,,21-11-2023,3711.94,2.8,103.93,3608.01,012566,647534234,,0606458********3189,00 / 00,013998257000126,237 / 30457 / 105546,Não Informado,false,,06:27:43,Benefício,2023-11-20T21:00:00-03:00,3608.01,,false,
EMPRESA MODELO,Valecard,Valecard Voucher,30-09-2023,,21-11-2023,234.85,2.8,6.58,228.27,035556,647581412,,0606458********3701,00 / 00,013998257000126,237 / 30457 / 105546,Não Informado,false,,11:41:59,Benefício,2023-11-20T21:00:00-03:00,228.27,,false,
,,,,,,"127.797,92",,"3.924,05","123.873,86",,,,,,,,,,,,,,"123.793,29","0,00",,